disease,disease_name,tagged_accessions,tagged_GSE,tagged_GSM,tagged_other,accession_floor_120,external_service_floor_40,fifty_substantive_page_paper,benchmark_or_discovery,repo_project,unit_note,record_shortfall_to_120,one_pm_2026_09_26_forecast,dominant_blocker
preeclampsia,Preeclampsia,394,34,359,1,passes_record_level,not_established_per_disease,not_established_per_disease,not_established,shared_core_only,GSM sample records nested within GSE studies; untagged platform records not assigned; no common-service credit without disease-specific evidence,0,not_all_gates_met,No positive independently validated benchmark or discovery; disease-specific 40-service and 50-page ledgers absent
leishmaniasis,Leishmaniasis,113,5,107,1,short,not_established_per_disease,not_established_per_disease,not_established,shared_core_only,GSM sample records nested within GSE studies; untagged platform records not assigned; no common-service credit without disease-specific evidence,7,not_all_gates_met,No positive independently validated benchmark or discovery; disease-specific 40-service and 50-page ledgers absent
postpartum_depression,Postpartum depression,3,2,0,1,short,not_established_per_disease,not_established_per_disease,not_established,shared_core_only,GSM sample records nested within GSE studies; untagged platform records not assigned; no common-service credit without disease-specific evidence,117,not_all_gates_met,No positive independently validated benchmark or discovery; disease-specific 40-service and 50-page ledgers absent
long_covid,Long COVID,178,3,175,0,passes_record_level,not_established_per_disease,not_established_per_disease,not_established,shared_core_only,GSM sample records nested within GSE studies; untagged platform records not assigned; no common-service credit without disease-specific evidence,0,not_all_gates_met,No positive independently validated benchmark or discovery; disease-specific 40-service and 50-page ledgers absent
me_cfs,ME/CFS,211,5,205,1,passes_record_level,not_established_per_disease,not_established_per_disease,not_established,shared_core_only,GSM sample records nested within GSE studies; untagged platform records not assigned; no common-service credit without disease-specific evidence,0,not_all_gates_met,No positive independently validated benchmark or discovery; disease-specific 40-service and 50-page ledgers absent
pcos,PCOS,54,17,36,1,short,not_established_per_disease,not_established_per_disease,not_established,shared_core_only,GSM sample records nested within GSE studies; untagged platform records not assigned; no common-service credit without disease-specific evidence,66,not_all_gates_met,No positive independently validated benchmark or discovery; disease-specific 40-service and 50-page ledgers absent
endometriosis,Endometriosis,101,14,86,1,short,not_established_per_disease,not_established_per_disease,not_established,shared_core_only,GSM sample records nested within GSE studies; untagged platform records not assigned; no common-service credit without disease-specific evidence,19,not_all_gates_met,No positive independently validated benchmark or discovery; disease-specific 40-service and 50-page ledgers absent
fibromyalgia,Fibromyalgia,205,3,201,1,passes_record_level,not_established_per_disease,not_established_per_disease,not_established,shared_core_only,GSM sample records nested within GSE studies; untagged platform records not assigned; no common-service credit without disease-specific evidence,0,not_all_gates_met,No positive independently validated benchmark or discovery; disease-specific 40-service and 50-page ledgers absent
interstitial_cystitis,Interstitial cystitis,5,4,0,1,short,not_established_per_disease,not_established_per_disease,not_established,shared_core_only,GSM sample records nested within GSE studies; untagged platform records not assigned; no common-service credit without disease-specific evidence,115,not_all_gates_met,No positive independently validated benchmark or discovery; disease-specific 40-service and 50-page ledgers absent
chagas,Chagas disease,36,2,33,1,short,not_established_per_disease,not_established_per_disease,not_established,shared_core_only,GSM sample records nested within GSE studies; untagged platform records not assigned; no common-service credit without disease-specific evidence,84,not_all_gates_met,No positive independently validated benchmark or discovery; disease-specific 40-service and 50-page ledgers absent
