b_code,gsm,label
B052,GSM7830424,case
B083,GSM7830425,control
B087,GSM7830426,control
B097,GSM7830427,control
B100,GSM7830428,control
B118,GSM7830429,control
B146,GSM7830430,control
B160,GSM7830431,control
B180,GSM7830432,case
B182,GSM7830433,control
B189,GSM7830434,case
B200,GSM7830435,control
B207,GSM7830436,case
B209,GSM7830437,case
B213,GSM7830438,control
B284,GSM7830439,control
B339,GSM7830440,control
B340,GSM7830441,case
B383,GSM7830442,case
B412,GSM7830443,control
B429,GSM7830444,control
B430,GSM7830445,control
B621,GSM7830446,case
E053,GSM7830447,case
E054,GSM7830448,control
E375,GSM7830449,control
G026,GSM7830450,control
G028,GSM7830451,control
G282,GSM7830452,control
G756,GSM7830453,control
H093,GSM7830454,control
H524,GSM7830455,case
H754,GSM7830456,control
