gsm,source_url,sha256,title,status,label,platform,finite_probes,organism,source_name,sra_relation,characteristics
GSM9332596,https://www.ncbi.nlm.nih.gov/geo/query/acc.cgi?acc=GSM9332596&targ=self&form=text&view=full,3f2383233dc6c668e08cee834b7299efb2da0bf82f50596663a68344c4c40f3a,Blood_Uninfected_mother_1,Public on Mar 12 2026,control,GPL24676,NA,Homo sapiens,Peripheral blood,SRA: https://www.ncbi.nlm.nih.gov/sra?term=SRX31264964,"{""tissue"": ""Peripheral blood""}"
GSM9332597,https://www.ncbi.nlm.nih.gov/geo/query/acc.cgi?acc=GSM9332597&targ=self&form=text&view=full,c91f68b4983ee5601c62d0e59187fd1278f83b852876af08e822c63583d67b59,Blood_Uninfected_mother_2,Public on Mar 12 2026,control,GPL24676,NA,Homo sapiens,Peripheral blood,SRA: https://www.ncbi.nlm.nih.gov/sra?term=SRX31264965,"{""tissue"": ""Peripheral blood""}"
GSM9332598,https://www.ncbi.nlm.nih.gov/geo/query/acc.cgi?acc=GSM9332598&targ=self&form=text&view=full,45be3c5ee30c76c8a9f890937471247906704d90157f90ad02fb7f51d6b1c04e,Blood_Transmitter_mother_1,Public on Mar 12 2026,case,GPL24676,NA,Homo sapiens,Peripheral blood,SRA: https://www.ncbi.nlm.nih.gov/sra?term=SRX31264966,"{""tissue"": ""Peripheral blood""}"
GSM9332599,https://www.ncbi.nlm.nih.gov/geo/query/acc.cgi?acc=GSM9332599&targ=self&form=text&view=full,4a2cd58159c7529ec89a9a5ee38bb0a5e3e79906f64af4fc1b4eef7944f23944,Blood_Uninfected_mother_3,Public on Mar 12 2026,control,GPL24676,NA,Homo sapiens,Peripheral blood,SRA: https://www.ncbi.nlm.nih.gov/sra?term=SRX31264967,"{""tissue"": ""Peripheral blood""}"
GSM9332600,https://www.ncbi.nlm.nih.gov/geo/query/acc.cgi?acc=GSM9332600&targ=self&form=text&view=full,96d95c51dd339d739b5b9d71001a8bd557922e0b68ec36accf49d1e3137d96c0,Blood_Uninfected_mother_4,Public on Mar 12 2026,control,GPL24676,NA,Homo sapiens,Peripheral blood,SRA: https://www.ncbi.nlm.nih.gov/sra?term=SRX31264968,"{""tissue"": ""Peripheral blood""}"
GSM9332601,https://www.ncbi.nlm.nih.gov/geo/query/acc.cgi?acc=GSM9332601&targ=self&form=text&view=full,f06d18aa5399d74b951f9ece88e613d089e0190345766fc52916c8b2dc5abe8a,Blood_Transmitter_mother_2,Public on Mar 12 2026,case,GPL24676,NA,Homo sapiens,Peripheral blood,SRA: https://www.ncbi.nlm.nih.gov/sra?term=SRX31264969,"{""tissue"": ""Peripheral blood""}"
GSM9332602,https://www.ncbi.nlm.nih.gov/geo/query/acc.cgi?acc=GSM9332602&targ=self&form=text&view=full,00c45aed5aeb8d5848791e65b92c364bece4a2c88b21cf3ba9db3a02f59f656f,Blood_Uninfected_mother_5,Public on Mar 12 2026,control,GPL24676,NA,Homo sapiens,Peripheral blood,SRA: https://www.ncbi.nlm.nih.gov/sra?term=SRX31264970,"{""tissue"": ""Peripheral blood""}"
GSM9332603,https://www.ncbi.nlm.nih.gov/geo/query/acc.cgi?acc=GSM9332603&targ=self&form=text&view=full,f2abbd9237466cb03286954caa0fe10d5966231d2015532ca9a8023d14555f5c,Blood_Non_transmitter_mother_1,Public on Mar 12 2026,case,GPL24676,NA,Homo sapiens,Peripheral blood,SRA: https://www.ncbi.nlm.nih.gov/sra?term=SRX31264971,"{""tissue"": ""Peripheral blood""}"
GSM9332604,https://www.ncbi.nlm.nih.gov/geo/query/acc.cgi?acc=GSM9332604&targ=self&form=text&view=full,28a79d90436f7259f7eaa18bad783d7ecf985608671c51ff59228ad92a2b29ae,Blood_Uninfected_mother_6,Public on Mar 12 2026,control,GPL24676,NA,Homo sapiens,Peripheral blood,SRA: https://www.ncbi.nlm.nih.gov/sra?term=SRX31264972,"{""tissue"": ""Peripheral blood""}"
GSM9332605,https://www.ncbi.nlm.nih.gov/geo/query/acc.cgi?acc=GSM9332605&targ=self&form=text&view=full,bfde14708f09a2aa7464e8fd45e592829e6a7ca693a075b2f969a43012fd8871,Blood_Transmitter_mother_3,Public on Mar 12 2026,case,GPL24676,NA,Homo sapiens,Peripheral blood,SRA: https://www.ncbi.nlm.nih.gov/sra?term=SRX31264973,"{""tissue"": ""Peripheral blood""}"
GSM9332606,https://www.ncbi.nlm.nih.gov/geo/query/acc.cgi?acc=GSM9332606&targ=self&form=text&view=full,20b51aba591a3eb1105730e3e36cf864a0d3d1603e550e92d8ccf898c1d07046,Blood_Transmitter_mother_4,Public on Mar 12 2026,case,GPL24676,NA,Homo sapiens,Peripheral blood,SRA: https://www.ncbi.nlm.nih.gov/sra?term=SRX31264974,"{""tissue"": ""Peripheral blood""}"
GSM9332607,https://www.ncbi.nlm.nih.gov/geo/query/acc.cgi?acc=GSM9332607&targ=self&form=text&view=full,7edb6e7d7c551e95c89a3648819662777b59c48acd27628e1d863e901f9633b0,Blood_Non_transmitter_mother_2,Public on Mar 12 2026,case,GPL24676,NA,Homo sapiens,Peripheral blood,SRA: https://www.ncbi.nlm.nih.gov/sra?term=SRX31264975,"{""tissue"": ""Peripheral blood""}"
GSM9332608,https://www.ncbi.nlm.nih.gov/geo/query/acc.cgi?acc=GSM9332608&targ=self&form=text&view=full,6aa65a8f5a80af57af3c00fa624943405f0facb77d5b11ef68788c282902781f,Blood_Uninfected_mother_7,Public on Mar 12 2026,control,GPL24676,NA,Homo sapiens,Peripheral blood,SRA: https://www.ncbi.nlm.nih.gov/sra?term=SRX31264976,"{""tissue"": ""Peripheral blood""}"
GSM9332609,https://www.ncbi.nlm.nih.gov/geo/query/acc.cgi?acc=GSM9332609&targ=self&form=text&view=full,80a95f3d3f2d29c46c87d276aeec62317bb479635edf764894795fa6e6a017e6,Blood_Non_transmitter_mother_3,Public on Mar 12 2026,case,GPL24676,NA,Homo sapiens,Peripheral blood,SRA: https://www.ncbi.nlm.nih.gov/sra?term=SRX31264977,"{""tissue"": ""Peripheral blood""}"
GSM9332610,https://www.ncbi.nlm.nih.gov/geo/query/acc.cgi?acc=GSM9332610&targ=self&form=text&view=full,e877e98a26e16d57e6bfd0b21898a253f8837ea1bbeb50c35bcbbea64e2bc145,Blood_Non_transmitter_mother_4,Public on Mar 12 2026,case,GPL24676,NA,Homo sapiens,Peripheral blood,SRA: https://www.ncbi.nlm.nih.gov/sra?term=SRX31264978,"{""tissue"": ""Peripheral blood""}"
GSM9332611,https://www.ncbi.nlm.nih.gov/geo/query/acc.cgi?acc=GSM9332611&targ=self&form=text&view=full,ef998fe731664e0f2f7c023c7f89b6d9537c6472bd5425a4299ba0fc467cefd6,Blood_Uninfected_mother_8,Public on Mar 12 2026,control,GPL24676,NA,Homo sapiens,Peripheral blood,SRA: https://www.ncbi.nlm.nih.gov/sra?term=SRX31264979,"{""tissue"": ""Peripheral blood""}"
GSM9332612,https://www.ncbi.nlm.nih.gov/geo/query/acc.cgi?acc=GSM9332612&targ=self&form=text&view=full,e52069a91a9c11be1eae2303a6097abeaa9858ea2dd5d2435c824e87d6694f40,Blood_Transmitter_mother_5,Public on Mar 12 2026,case,GPL24676,NA,Homo sapiens,Peripheral blood,SRA: https://www.ncbi.nlm.nih.gov/sra?term=SRX31264948,"{""tissue"": ""Peripheral blood""}"
GSM9332613,https://www.ncbi.nlm.nih.gov/geo/query/acc.cgi?acc=GSM9332613&targ=self&form=text&view=full,d07703c709ae09f0c7913db698cc472913f7034fb16415f632a9d7f11aaa43d7,Blood_Uninfected_mother_9,Public on Mar 12 2026,control,GPL24676,NA,Homo sapiens,Peripheral blood,SRA: https://www.ncbi.nlm.nih.gov/sra?term=SRX31264949,"{""tissue"": ""Peripheral blood""}"
GSM9332614,https://www.ncbi.nlm.nih.gov/geo/query/acc.cgi?acc=GSM9332614&targ=self&form=text&view=full,94011b843ffb833c06e52bbc752166759645eb4a327dc02f8b553d78a272e7b1,Blood_Uninfected_mother_10,Public on Mar 12 2026,control,GPL24676,NA,Homo sapiens,Peripheral blood,SRA: https://www.ncbi.nlm.nih.gov/sra?term=SRX31264950,"{""tissue"": ""Peripheral blood""}"
GSM9332615,https://www.ncbi.nlm.nih.gov/geo/query/acc.cgi?acc=GSM9332615&targ=self&form=text&view=full,2adbaa5b0b5aec367ed0f663b938049bd2d51335d13481ed18998ed8f92b546c,Blood_Non_transmitter_mother_5,Public on Mar 12 2026,case,GPL24676,NA,Homo sapiens,Peripheral blood,SRA: https://www.ncbi.nlm.nih.gov/sra?term=SRX31264951,"{""tissue"": ""Peripheral blood""}"
GSM9332616,https://www.ncbi.nlm.nih.gov/geo/query/acc.cgi?acc=GSM9332616&targ=self&form=text&view=full,80dbdf871cb497bf54773961d135435fbe85c1f90e46f764d73363fff86d9206,Blood_Non_transmitter_mother_6,Public on Mar 12 2026,case,GPL24676,NA,Homo sapiens,Peripheral blood,SRA: https://www.ncbi.nlm.nih.gov/sra?term=SRX31264952,"{""tissue"": ""Peripheral blood""}"
GSM9332617,https://www.ncbi.nlm.nih.gov/geo/query/acc.cgi?acc=GSM9332617&targ=self&form=text&view=full,76b4f2b463204bd8eb1a4967169baa7783f4e37b5d6c61f827a05d4b44080230,Blood_Uninfected_mother_11,Public on Mar 12 2026,control,GPL24676,NA,Homo sapiens,Peripheral blood,SRA: https://www.ncbi.nlm.nih.gov/sra?term=SRX31264953,"{""tissue"": ""Peripheral blood""}"
GSM9332618,https://www.ncbi.nlm.nih.gov/geo/query/acc.cgi?acc=GSM9332618&targ=self&form=text&view=full,92737ef2339ecb01717b32a03ffb824774849c3739e32308a2c0751825e14514,Blood_Transmitter_mother_6,Public on Mar 12 2026,case,GPL24676,NA,Homo sapiens,Peripheral blood,SRA: https://www.ncbi.nlm.nih.gov/sra?term=SRX31264954,"{""tissue"": ""Peripheral blood""}"
GSM9332619,https://www.ncbi.nlm.nih.gov/geo/query/acc.cgi?acc=GSM9332619&targ=self&form=text&view=full,b56b9700d7150606a5b7cd50bf864084b4a0878fdc02b108d3e886cf9eb45fb2,Blood_Non_transmitter_mother_7,Public on Mar 12 2026,case,GPL24676,NA,Homo sapiens,Peripheral blood,SRA: https://www.ncbi.nlm.nih.gov/sra?term=SRX31264955,"{""tissue"": ""Peripheral blood""}"
GSM9332620,https://www.ncbi.nlm.nih.gov/geo/query/acc.cgi?acc=GSM9332620&targ=self&form=text&view=full,3d2d74001acfbde9c6fb2fa6e32e8d74ff7d7e93fceee3444cfe2eced08bfb04,Placenta_Uninfected_mother_1,Public on Mar 12 2026,control,GPL24676,NA,Homo sapiens,Central placenta feltal side,SRA: https://www.ncbi.nlm.nih.gov/sra?term=SRX31264956,"{""tissue"": ""Central placenta feltal side""}"
GSM9332621,https://www.ncbi.nlm.nih.gov/geo/query/acc.cgi?acc=GSM9332621&targ=self&form=text&view=full,639d81caf356f153a8a6812c30cf0f09d28a2faa5564ff2828fbb8b2b1bdc9a5,Placenta_Uninfected_mother_2,Public on Mar 12 2026,control,GPL24676,NA,Homo sapiens,Central placenta feltal side,SRA: https://www.ncbi.nlm.nih.gov/sra?term=SRX31264957,"{""tissue"": ""Central placenta feltal side""}"
GSM9332622,https://www.ncbi.nlm.nih.gov/geo/query/acc.cgi?acc=GSM9332622&targ=self&form=text&view=full,5ed7e35d3fb3089b9edd5935e09b5cb20d0c02d29f8a413c2f0d97373fdba1d5,Placenta_Uninfected_mother_3,Public on Mar 12 2026,control,GPL24676,NA,Homo sapiens,Central placenta feltal side,SRA: https://www.ncbi.nlm.nih.gov/sra?term=SRX31264958,"{""tissue"": ""Central placenta feltal side""}"
GSM9332623,https://www.ncbi.nlm.nih.gov/geo/query/acc.cgi?acc=GSM9332623&targ=self&form=text&view=full,3f51568a7aa4a8fa01d57ac07bc0d830f62724114618aa8a5c4cec86b2e71c10,Placenta_Uninfected_mother_4,Public on Mar 12 2026,control,GPL24676,NA,Homo sapiens,Central placenta feltal side,SRA: https://www.ncbi.nlm.nih.gov/sra?term=SRX31264959,"{""tissue"": ""Central placenta feltal side""}"
GSM9332624,https://www.ncbi.nlm.nih.gov/geo/query/acc.cgi?acc=GSM9332624&targ=self&form=text&view=full,f80b1ca238598973109b6c00bdbec4aefa69a4c2ae818555dec76eb1c5fcbb10,Placenta_Uninfected_mother_5,Public on Mar 12 2026,control,GPL24676,NA,Homo sapiens,Central placenta feltal side,SRA: https://www.ncbi.nlm.nih.gov/sra?term=SRX31264960,"{""tissue"": ""Central placenta feltal side""}"
GSM9332625,https://www.ncbi.nlm.nih.gov/geo/query/acc.cgi?acc=GSM9332625&targ=self&form=text&view=full,c0a0ad901d1fe695d4fc51ac28066b09ec7445b0438ef6c82d94de940bdb42b9,Placenta_Uninfected_mother_6,Public on Mar 12 2026,control,GPL24676,NA,Homo sapiens,Central placenta feltal side,SRA: https://www.ncbi.nlm.nih.gov/sra?term=SRX31264961,"{""tissue"": ""Central placenta feltal side""}"
GSM9332626,https://www.ncbi.nlm.nih.gov/geo/query/acc.cgi?acc=GSM9332626&targ=self&form=text&view=full,44867a1ae6d591c211caabb1dc7ed1e429a469b13c8eba56c6a6038d4da59af5,Placenta_Uninfected_mother_7,Public on Mar 12 2026,control,GPL24676,NA,Homo sapiens,Central placenta feltal side,SRA: https://www.ncbi.nlm.nih.gov/sra?term=SRX31264962,"{""tissue"": ""Central placenta feltal side""}"
GSM9332627,https://www.ncbi.nlm.nih.gov/geo/query/acc.cgi?acc=GSM9332627&targ=self&form=text&view=full,f56607fb62124ad494419c305712cd19e6887d8296257d442b626a8abed10247,Placenta_Uninfected_mother_8,Public on Mar 12 2026,control,GPL24676,NA,Homo sapiens,Central placenta feltal side,SRA: https://www.ncbi.nlm.nih.gov/sra?term=SRX31264963,"{""tissue"": ""Central placenta feltal side""}"
GSM9332628,https://www.ncbi.nlm.nih.gov/geo/query/acc.cgi?acc=GSM9332628&targ=self&form=text&view=full,b168a2047a26b9dfa105f4033f25d51a0796d2a20af5d35920ade8cb454af51f,Placenta_Uninfected_mother_9,Public on Mar 12 2026,control,GPL24676,NA,Homo sapiens,Central placenta feltal side,SRA: https://www.ncbi.nlm.nih.gov/sra?term=SRX31264980,"{""tissue"": ""Central placenta feltal side""}"
GSM9332629,https://www.ncbi.nlm.nih.gov/geo/query/acc.cgi?acc=GSM9332629&targ=self&form=text&view=full,d8448a7c5711ee1e27f397d226369af4e58122a3754c7916ddba3f6687150e98,Placenta_Transmitter_mother_1,Public on Mar 12 2026,case,GPL24676,NA,Homo sapiens,Central placenta feltal side,SRA: https://www.ncbi.nlm.nih.gov/sra?term=SRX31264981,"{""tissue"": ""Central placenta feltal side""}"
GSM9332630,https://www.ncbi.nlm.nih.gov/geo/query/acc.cgi?acc=GSM9332630&targ=self&form=text&view=full,f58797084c2a806357dfa39f25f115fe57d0fe4cb17a5fd248ee5f2d41da8152,Placenta_Transmitter_mother_2,Public on Mar 12 2026,case,GPL24676,NA,Homo sapiens,Central placenta feltal side,SRA: https://www.ncbi.nlm.nih.gov/sra?term=SRX31264982,"{""tissue"": ""Central placenta feltal side""}"
GSM9332631,https://www.ncbi.nlm.nih.gov/geo/query/acc.cgi?acc=GSM9332631&targ=self&form=text&view=full,038162d59f903a2ebd4f621dfdf42fae82b692347c3edec0a9fd171399b0044a,Placenta_Transmitter_mother_3,Public on Mar 12 2026,case,GPL24676,NA,Homo sapiens,Central placenta feltal side,SRA: https://www.ncbi.nlm.nih.gov/sra?term=SRX31264983,"{""tissue"": ""Central placenta feltal side""}"
GSM9332632,https://www.ncbi.nlm.nih.gov/geo/query/acc.cgi?acc=GSM9332632&targ=self&form=text&view=full,2559037b2ee7b10eb8673a0da8e590fb42d4e9f08e6159269b11fd7e6a6ac7c2,Placenta_Transmitter_mother_4,Public on Mar 12 2026,case,GPL24676,NA,Homo sapiens,Central placenta feltal side,SRA: https://www.ncbi.nlm.nih.gov/sra?term=SRX31264984,"{""tissue"": ""Central placenta feltal side""}"
GSM9332633,https://www.ncbi.nlm.nih.gov/geo/query/acc.cgi?acc=GSM9332633&targ=self&form=text&view=full,0fa2013ad65582455b45addb783c291d0bda7f0b1946aa251b3fc71af2249a44,Placenta_Transmitter_mother_5,Public on Mar 12 2026,case,GPL24676,NA,Homo sapiens,Central placenta feltal side,SRA: https://www.ncbi.nlm.nih.gov/sra?term=SRX31264985,"{""tissue"": ""Central placenta feltal side""}"
GSM9332634,https://www.ncbi.nlm.nih.gov/geo/query/acc.cgi?acc=GSM9332634&targ=self&form=text&view=full,a950d1cfa6da7850041fade4c83910b90630edadf831d553b3b6beaa4c379ec4,Placenta_Transmitter_mother_6,Public on Mar 12 2026,case,GPL24676,NA,Homo sapiens,Central placenta feltal side,SRA: https://www.ncbi.nlm.nih.gov/sra?term=SRX31264986,"{""tissue"": ""Central placenta feltal side""}"
GSM9332635,https://www.ncbi.nlm.nih.gov/geo/query/acc.cgi?acc=GSM9332635&targ=self&form=text&view=full,52552ccddf26f1fb55b08bad2c1ea02795e909827f3a787fd86474902fa0789e,Placenta_Transmitter_mother_7,Public on Mar 12 2026,case,GPL24676,NA,Homo sapiens,Central placenta feltal side,SRA: https://www.ncbi.nlm.nih.gov/sra?term=SRX31264987,"{""tissue"": ""Central placenta feltal side""}"
GSM9332636,https://www.ncbi.nlm.nih.gov/geo/query/acc.cgi?acc=GSM9332636&targ=self&form=text&view=full,cab1900d1e5a549738256456430ddee41afc01fa61448afc3ab20ed4bf5f5288,Placenta_Non.transmitter_mother_1,Public on Mar 12 2026,case,GPL24676,NA,Homo sapiens,Central placenta feltal side,SRA: https://www.ncbi.nlm.nih.gov/sra?term=SRX31264988,"{""tissue"": ""Central placenta feltal side""}"
GSM9332637,https://www.ncbi.nlm.nih.gov/geo/query/acc.cgi?acc=GSM9332637&targ=self&form=text&view=full,fe5c22013d81f78338ed7cd568ea676d65be5b87936e66ba69c18304a89b5056,Placenta_Non.transmitter_mother_2,Public on Mar 12 2026,case,GPL24676,NA,Homo sapiens,Central placenta feltal side,SRA: https://www.ncbi.nlm.nih.gov/sra?term=SRX31264989,"{""tissue"": ""Central placenta feltal side""}"
GSM9332638,https://www.ncbi.nlm.nih.gov/geo/query/acc.cgi?acc=GSM9332638&targ=self&form=text&view=full,6312490b0c486087bfecf32fe48eec69c2710bbfae787a019bfa2803cbd6771e,Placenta_Non.transmitter_mother_3,Public on Mar 12 2026,case,GPL24676,NA,Homo sapiens,Central placenta feltal side,SRA: https://www.ncbi.nlm.nih.gov/sra?term=SRX31264990,"{""tissue"": ""Central placenta feltal side""}"
GSM9332639,https://www.ncbi.nlm.nih.gov/geo/query/acc.cgi?acc=GSM9332639&targ=self&form=text&view=full,016d7864028a857c6755f463730eeb5775f1fdffdf5bfd08c6b94ae2fd8686c5,Placenta_Non.transmitter_mother_4,Public on Mar 12 2026,case,GPL24676,NA,Homo sapiens,Central placenta feltal side,SRA: https://www.ncbi.nlm.nih.gov/sra?term=SRX31264991,"{""tissue"": ""Central placenta feltal side""}"
GSM9332640,https://www.ncbi.nlm.nih.gov/geo/query/acc.cgi?acc=GSM9332640&targ=self&form=text&view=full,13fb0de73b843dd72f058d92a10c04144561cbeadbc7962d07f0be49d871fc4f,Visium_placenta_non_transmitter_1,Public on Mar 12 2026,case,GPL24676,NA,Homo sapiens,Central chorionic villi,SRA: https://www.ncbi.nlm.nih.gov/sra?term=SRX31264992,"{""tissue"": ""Central chorionic villi""}"
GSM9332641,https://www.ncbi.nlm.nih.gov/geo/query/acc.cgi?acc=GSM9332641&targ=self&form=text&view=full,fb4547a125b1f3a557927a7a25f94341c28dd07a47ac1bb6ed52c9b2efa568f9,Visium_placenta_uninfected_1,Public on Mar 12 2026,control,GPL24676,NA,Homo sapiens,Central chorionic villi,SRA: https://www.ncbi.nlm.nih.gov/sra?term=SRX31264993,"{""tissue"": ""Central chorionic villi""}"
