gsm,source_url,sha256,title,status,label,platform,finite_probes
GSM2251530,https://www.ncbi.nlm.nih.gov/geo/query/acc.cgi?acc=GSM2251530&targ=self&form=text&view=full,23889fcf4aeb0a701298b731760e0a5ed982196cc47238bfd906941de4b74773,APA (CCC)_frozen tissue,subject status: end-stage heart failure patients at the moment of heart transplantation,case,GPL14550,42543
GSM2251531,https://www.ncbi.nlm.nih.gov/geo/query/acc.cgi?acc=GSM2251531&targ=self&form=text&view=full,aa416590154ebbf9e46eef6c1b41ac7039e129a891c568d6168fee700f42da4d,HBO (CCC)_frozen tissue,subject status: end-stage heart failure patients at the moment of heart transplantation,case,GPL14550,42543
GSM2251532,https://www.ncbi.nlm.nih.gov/geo/query/acc.cgi?acc=GSM2251532&targ=self&form=text&view=full,5970e9a427cd0a0d93bd54b3bb0a56f4a85c0407c42a4090a193aedde797c543,MAP (CCC)_frozen tissue,subject status: end-stage heart failure patients at the moment of heart transplantation,case,GPL14550,42543
GSM2251533,https://www.ncbi.nlm.nih.gov/geo/query/acc.cgi?acc=GSM2251533&targ=self&form=text&view=full,1651a0392ee9f8633c1db15ce3bcc8968f2224bb533aa0e151dbef96e13fa289,NSR (CCC)_frozen tissue,subject status: end-stage heart failure patients at the moment of heart transplantation,case,GPL14550,42543
GSM2251534,https://www.ncbi.nlm.nih.gov/geo/query/acc.cgi?acc=GSM2251534&targ=self&form=text&view=full,c9a0c9078cd173d52d4c0caaa8c3c027caa3d022b532be93fccece250ff515b1,PMG (CCC)_frozen tissue,subject status: end-stage heart failure patients at the moment of heart transplantation,case,GPL14550,42543
GSM2251535,https://www.ncbi.nlm.nih.gov/geo/query/acc.cgi?acc=GSM2251535&targ=self&form=text&view=full,a987e91ebdfd92c000ee5b9a9ef6b1e00208db02e49471f7702dce90f98e0cdc,AAF (CCC)_frozen tissue,subject status: end-stage heart failure patients at the moment of heart transplantation,case,GPL14550,42543
GSM2251536,https://www.ncbi.nlm.nih.gov/geo/query/acc.cgi?acc=GSM2251536&targ=self&form=text&view=full,c1953a229743c0cdd3f0f569aabb2caaa4abc906a9fd73f1f8e0cf52442cf007,EBS (CCC)_frozen tissue,subject status: end-stage heart failure patients at the moment of heart transplantation,case,GPL14550,42543
GSM2251537,https://www.ncbi.nlm.nih.gov/geo/query/acc.cgi?acc=GSM2251537&targ=self&form=text&view=full,fbb931127ac0137cba73ea337fc4565969ebae7f8ea6f2fe6b63a8257475ba6c,MCRS (CCC)_frozen tissue,subject status: end-stage heart failure patients at the moment of heart transplantation,case,GPL14550,42543
GSM2251538,https://www.ncbi.nlm.nih.gov/geo/query/acc.cgi?acc=GSM2251538&targ=self&form=text&view=full,d8d3114a1381811492c50ee7a6c033acc53d178f3dc387f100072ec946bf009a,SCS (CCC)_frozen tissue,subject status: end-stage heart failure patients at the moment of heart transplantation,case,GPL14550,42543
GSM2251539,https://www.ncbi.nlm.nih.gov/geo/query/acc.cgi?acc=GSM2251539&targ=self&form=text&view=full,3746e26ae3e7010acf2004a06f1f3b22601626bb87daa130c4ce60a39525d592,ZMC (CCC)_frozen tissue,subject status: end-stage heart failure patients at the moment of heart transplantation,case,GPL14550,42543
GSM2251540,https://www.ncbi.nlm.nih.gov/geo/query/acc.cgi?acc=GSM2251540&targ=self&form=text&view=full,869208265c960d6a4c7e993d2ac622984093d6ed726b22d4cd5b67738ca23850,3557 (CTL) _frozen tissue,subject status: healthy hearts of organ donors,control,GPL14550,42543
GSM2251541,https://www.ncbi.nlm.nih.gov/geo/query/acc.cgi?acc=GSM2251541&targ=self&form=text&view=full,a681eaf3c1383b048b5407a2c1a1797de7f6847c194a42e8a2a9abd3531274b8,EMBT (CTL)_frozen tissue,subject status: healthy hearts of organ donors,control,GPL14550,42543
GSM2251542,https://www.ncbi.nlm.nih.gov/geo/query/acc.cgi?acc=GSM2251542&targ=self&form=text&view=full,bc728022523e330b0058f75bbea09a7f77349585db33e611a6d72f91ef43326c,ESS (CTL)_frozen tissue,subject status: healthy hearts of organ donors,control,GPL14550,42543
GSM2251543,https://www.ncbi.nlm.nih.gov/geo/query/acc.cgi?acc=GSM2251543&targ=self&form=text&view=full,5d48fd41de8976559a2cd602e44aeb40ada256a2d42853d5831d17a9b929d452,FJR (CTL)_frozen tissue,subject status: healthy hearts of organ donors,control,GPL14550,42543
GSM2251544,https://www.ncbi.nlm.nih.gov/geo/query/acc.cgi?acc=GSM2251544&targ=self&form=text&view=full,8410ed446b0543c2e1a5656a5d787164ad0f25d6b251c74440b49a509895461e,LO (CTL)_frozen tissue,subject status: healthy hearts of organ donors,control,GPL14550,42543
GSM2251545,https://www.ncbi.nlm.nih.gov/geo/query/acc.cgi?acc=GSM2251545&targ=self&form=text&view=full,860b783fb98d5ed10523175995670fca9483b24cd54b6dce227ce421968a51d9,MBFM (CTL)_frozen tissue,subject status: healthy hearts of organ donors,control,GPL14550,42543
GSM2251546,https://www.ncbi.nlm.nih.gov/geo/query/acc.cgi?acc=GSM2251546&targ=self&form=text&view=full,d9a30ba8fbe8749040ad149eadc6fbc3853933135f1557208a86b6876b3ab301,ZFS (CTL)_frozen tissue,subject status: healthy hearts of organ donors,control,GPL14550,42543
