gse,title,pubmed_id,status,type,platforms,n_gsm,series_source_url,series_sha256,overall_design,summary
GSE244827,Immunologic changes are detectable in the peripheral blood transcriptome of clinically asymptomatic Chagas cardiomyopathy patients,40290486,Public on Oct 04 2024,Expression profiling by high throughput sequencing,GPL24676,33,https://www.ncbi.nlm.nih.gov/geo/query/acc.cgi?acc=GSE244827&targ=gse&form=text&view=full,7e869bba9cf2226a3f4a1fe0185e6e785a33357e03c742c25025eb47b7c6ad5f,"We performed RNA sequencing of whole blood samples obtained from 10 Chagas-positive patients ( 4 stage IND, 6 stage early CCC), and 23 Chagas-negative patients ( 13 stage non-cardiomyopathy, 10 stage early cardiomyopathy)","Chagas disease, caused by the protozoan parasite Trypanosoma cruzi, is a neglected parasitic disease that affects approximately 6 million individuals worldwide. Of those infected, 20-30% will go on to develop chronic Chagas cardiomyopathy (CCC), and ultimately many of these individuals will progress to advanced heart failure. The mechanism by which this progression occurs is poorly understood, as few studies have focused on early CCC. In this study, we sought to understand the physiologic changes associated with T. cruzi infection and the development of CCC. We analyzed gene expression in the peripheral blood of asymptomatic Chagas patients with early structural heart disease, Chagas patients without any signs or symptoms of disease, and Chagas-negative patients with and without early structural heart disease. Our analysis shows that early CCC was associated with a downregulation of various peripheral immune response genes, with gene expression changes suggestive of reduced antigen presentation and T cell activation. Notably, these genes and processes were distinct from those of early cardiomyopathy in Chagas-negative patients, suggesting that the processes mediating CCC may be unique from those mediating progression to other cardiomyopathies. This work highlights the importance of the immune response in early CCC, providing insight into the early pathogenesis of this disease. The changes we have identified may serve as biomarkers of progression and could inform strategies for the treatment of CCC in its early stages, before significant cardiac damage has occurred."
GSE299582,Transcriptome analysis of circulating microRNAs associated with Chagas disease susceptibility and chronic Chagas cardiomyopathy severity,41574750,Public on Dec 30 2025,Non-coding RNA profiling by high throughput sequencing,GPL30173,192,https://www.ncbi.nlm.nih.gov/geo/query/acc.cgi?acc=GSE299582&targ=gse&form=text&view=full,04a01d9bc65df8d9d1b4aec159690b4f06fc8a87b1ebc5c59cfcd71dd4edb275,miRNA-seq profiling total RNA extracted from human serum of samples from patients of Chagas Disease in indeterminate and chronic Chagas cardiomyopathy,"Chagas disease (CD), caused by infection with the protozoan parasite Trypanosoma cruzi, is a major public health concern in Latin America. Understanding the molecular mechanisms driving disease progression and identifying biomarkers are crucial. We investigated the association of circulating microRNAs (miRNAs) with CD susceptibility and heart disease progression. A multicentric prospective observational study was conducted with 150 CD patients (46 indeterminate, 104 CCC [chronic chagasic cardiomyopathy] staged A-D) and 42 healthy controls from CD endemic areas. Sequencing of circulating miRNAs was performed, and differential expression analyses were conducted. We identified 40 differentially expressed miRNAs between CD patients and healthy controls, highlighting miR-199b-5p, miR-153-3p, miR-143-3p, and miR-223-3p upregulated, and miR-150-3p, miR-4508, miR-486-5p, and miR-3960, downregulated in CD patients. Moreover, functional analysis using Ingenuity Pathway Analysis software revealed that these miRNAs were involved in immune response and cardiovascular signaling pathways. Several miRNAs (miR-6734-5p, miR-1285-5p, miR-10527-5p, miR-31-5p, miR-5187-5p, miR-6515-5p) tended to present a higher expression in patients with severe compared to those with mild CCC, while miR-30c-2-3p presented lower expression in these groups. This study provides evidence for the dysregulation of specific miRNAs in CD, highlighting their potential role in disease pathophysiology and possible use as biomarkers for CD susceptibility and CCC severity."
GSE311812,Immune and Repair Mechanisms Underlying Congenital Chagas,41648170,Public on Mar 12 2026,Other; Expression profiling by high throughput sequencing,GPL24676,46,https://www.ncbi.nlm.nih.gov/geo/query/acc.cgi?acc=GSE311812&targ=gse&form=text&view=full,a208d314bdd946be2560af5009541746699f2ae23bcf7d57bfcd56e7f22b955c,"We performed three transcriptomic analyses: | 1) RNA-seq of maternal peripheral blood, including uninfected controls (n = 11), infected non-transmitter mothers (n = 7), and infected transmitter mothers (n = 5 | 2) RNA-seq of placental tissue, including uninfected controls (n = 9), infected non-transmitter mothers (n = 4), and infected transmitter mothers (n = 7). | 3) Spatial transcriptomics of placental tissue, including uninfected controls (n = 1) infected non-transmitter mothers (n = 1).","In this study, we conducted integrative high-throughput analyses of peripheral blood and placental tissue from naturally infected patients in Bolivia, the country with the highest prevalence of Chagas disease and, consequently, the population with the greatest potential for congenital transmission worldwide. We compared T. cruzi-infected and uninfected patients to characterize parasite-associated alterations. Infected mothers were further classified as transmitters or non-transmitters based on the infant’s infection status, determined by serological and molecular tests. Transmitter and non-transmitter mothers were compared to understand the molecular mechanism associated with congenital transmission risk."
GSE333874,Small RNA sequencing reveals placental miRNAs linked to congenital transmission of Trypanosoma cruzi,42523576,Public on Jun 04 2026,Non-coding RNA profiling by high throughput sequencing,GPL24676,31,https://www.ncbi.nlm.nih.gov/geo/query/acc.cgi?acc=GSE333874&targ=gse&form=text&view=full,c3df5b8dd21bc91a3d875c877d9d71c066f7060217c45f0a6f7f95f7c9b89f5a,miRNA-seq profiling of human placental tissue samples from Trypanosoma cruzi-infected mothers classified according to congenital transmission status: transmitting mothers with newborns positive for T. cruzi by qPCR and non-transmitting mothers with newborns negative for T. cruzi by qPCR.,"Background: Congenital transmission remains an important source of new Chagas disease cases. This study aimed to identify placental microRNAs (miRNAs) associated with congenital transmission of Trypanosoma cruzi. Methods: Placental samples from T. cruzi-infected mothers were classified according to congenital transmission status and analyzed by small RNA sequencing. Differential expression was assessed using DESeq2 with Benjamini-Hochberg false discovery rate correction. Nine candidate miRNAs were subsequently assessed by RT-qPCR. Results: Small RNA sequencing was performed in 31 placental samples, including 13 from transmitting mothers and 18 from non-transmitting mothers. hsa-miR-155-5p was the only miRNA significantly upregulated in placentas from transmitting mothers after multiple-testing correction and was selected as a candidate for further validation. Seven additional miRNAs (hsa-miR-193a-5p, hsa-miR-187-3p, hsa-miR-512-5p, hsa-miR-515-5p, hsa-miR-526a-5p, hsa-miR-99b-3p, and hsa-miR-455-5p) were selected based on nominal p-value, expression abundance, and differences in mean normalized counts between groups. RT-qPCR assessment in 15 placental samples, including 5 from transmitting mothers and 10 from non-transmitting mothers, showed higher normalized expression of hsa-miR-193a-5p and hsa-miR-187-3p in transmitting mothers.Conclusion: Placental miRNA profiling identified hsa-miR-155-5p, hsa-miR-193a-5p, and hsa-miR-187-3p as candidates for further investigation in congenital transmission of T. cruzi. These findings require confirmation in larger cohorts."
GSE348071,A Heterozygous Mitochondrial Gene Variant Sensitizes Cardiomyocytes to Cytokine Stress and amplifies Proinflammatory Chemokine Signaling in Inflammatory Cardiomyopathy,,Public on Sep 24 2026,Expression profiling by high throughput sequencing,GPL30173,32,https://www.ncbi.nlm.nih.gov/geo/query/acc.cgi?acc=GSE348071&targ=gse&form=text&view=full,9cce3f24f9b938e91286f454b500d23e2f1f0032e50067e278b99ea190bdb6a3,"Bulk RNA sequencing was performed in two human cardiomyocyte model systems: isogenic AC16 clones 1.184 (DHODH rs201230446 C/C) and 1.27 (heterozygous p.Arg135Cys, C/T), and patient-derived iPSC-derived cardiomyocytes from line 6135 (heterozygous p.Arg135Cys, C/T) and its CRISPR-corrected isogenic clone 6135-H1 (C/C). Each line was analyzed under untreated and inflammatory stimulation conditions. AC16 cells were stimulated with IFN-γ and TNF-α, whereas iPSC-derived cardiomyocytes were stimulated with IFN-γ alone. Four biological replicates were analyzed per experimental group, yielding 32 paired-end RNA-seq libraries.","Inflammatory heart diseases affect millions worldwide, but the gene–environment interactions determining why only some exposed individuals develop cardiomyopathy remain poorly understood. Chagas disease provides a tractable model: despite persistent Trypanosoma cruzi seropositivity, only approximately 30% of infected individuals develop chronic Chagas cardiomyopathy (CCC), in which T cell-derived interferon (IFN)-γ contributes to myocardial mitochondrial dysfunction. Rare heterozygous mitochondrial-gene variants co-segregate with CCC in multicase pedigrees but remain clinically silent in seronegative carriers. We investigated whether the dihydroorotate dehydrogenase (DHODH) R135C variant sensitizes cardiomyocytes to cytokine-induced mitochondrial dysfunction. We generated two complementary human cardiomyocyte models: heterozygous DHODH R135C knock-in AC16 cells and patient-derived induced pluripotent stem cell-derived cardiomyocytes with isogenic correction of the variant. Cells were exposed to IFN-γ alone or in combination with tumor necrosis factor-α and evaluated using mitochondrial functional assays and integrated proteomic, transcriptomic, and metabolomic profiling. DHODH R135C cardiomyocytes exhibited baseline mitochondrial stress that was amplified by cytokine exposure, including impaired bioenergetics, oxidative stress, mitochondrial fragmentation, and suppression of mitochondrial homeostatic pathways. These changes were accompanied by cytoplasmic double-stranded DNA accumulation and partially cGAS-dependent amplification of CXCL10 and interferon-stimulated-gene expression. Patient-derived R135C cardiomyocytes reproduced the principal mitochondrial abnormalities, which were rescued by isogenic correction. Increased CXCL10, CXCL9, and CXCR3 expression in CCC myocardium supported in vivo relevance. These findings identify DHODH R135C as a latent mitochondrial vulnerability unmasked by inflammatory cytokines and suggest a feed-forward interaction between cardiomyocyte dysfunction and IFN-γ-producing immune cells. This GEO Series contains the bulk RNA-sequencing data generated from the AC16 and patient-derived cardiomyocyte models."
GSE203525,Different transcriptomic response to T. cruzi infection in hiPSC-derived cardiomyocytes from Chagas disease patients with and without chronic cardiomyopathy,35873155,Public on Jun 20 2022,Expression profiling by high throughput sequencing,GPL18573,20,https://www.ncbi.nlm.nih.gov/geo/query/acc.cgi?acc=GSE203525&targ=gse&form=text&view=full,90e25eee5f21ec78dd16f26b58bf3fe7f4fd792093ba913adc5a44c7017a03b3,We generated hiPSC-derived cardiomyocytes from 3 cardiac and 2 asymptomatic patients and reinfected them with T. cruzi Y strain for 24 hours. Non-infected replicates were also generated.,Investigate transcriptional responses of T. cruzi infected hiPSC-derived cardiomyocytes from chagasic patients with and without cardiomyopathy.
GSE129676,Using Human Induced Pluripotent Stem Cell-Derived Cardiomyocytes as a Model to Study Trypanosoma cruzi Infection,31105048,Public on Jun 24 2019,Expression profiling by high throughput sequencing,GPL17301,16,https://www.ncbi.nlm.nih.gov/geo/query/acc.cgi?acc=GSE129676&targ=gse&form=text&view=full,2b062a531a8da7c13ddf5f04b11acd7382cdd8d143805534ade2dcaf9bb12a5c,hiPSC-CMs replicates in both control and disease conditions.,Human cardiomyocyte responses to Chagas disease
GSE158986,Differential transcriptome of human dendritic cells at first contact with Trypanosoma cruzi reveals response to virus as a central unexplored pathway,33897690,Public on Mar 31 2021,Expression profiling by high throughput sequencing,GPL16791; GPL29219,12,https://www.ncbi.nlm.nih.gov/geo/query/acc.cgi?acc=GSE158986&targ=gse&form=text&view=full,8369534c2399e95538239852d7541173e53bcd2ee4ff492a30abddd8b86962b8,"3 human donors, 2 replicates each, with control and infected samples for each experiment. A total of 12 samples were analyzed.","Chagas disease is a notorious public health problem worldwide. However, the pathology is still poorly understood in humans and dendritic cells (DCs) have a determinant role during infection that could help to understand what happens with immune response during the first contact. Here we performed a transcriptomic analysis of the interaction between DCs from three human donors and the infective forms of T. cruzi for 12 h. 468 differentially expressed genes (DEGs) were found in DCs after infection. KEGG and GO enrichment analysis showed that most of DEGs are involved in pathways related to virus infection and intracellular receptors, as NOD and RIG-I -like receptors. Some of these DEGs were validated through RT-qPCR, corroborating the transcriptome data. Cytokine measurement partially corresponded to the transcript levels. In conclusion, this study has revealed the virus response as an unexplored pathway in Chagas disease, which brings new perspectives for this pathology."
GSE295194,Self and parasite-derived peptides selected upon DERAA-bearing HLA-DRB1 alleles activate CD4+ T cells from Chagas cardiomyopathy patients and are associated with ventricular dysfunction,40391216,Public on May 29 2025,Expression profiling by high throughput sequencing,GPL24676,16,https://www.ncbi.nlm.nih.gov/geo/query/acc.cgi?acc=GSE295194&targ=gse&form=text&view=full,d154e2f8dcaff1ec09ca62c6596e5b0da91b854112972ca3e74ba7e14338319b,"PBMCs from 24 patients with Chagas disease (Asymptomatic=10, CCC=14) were sequecing. CD45-positive PBMCs were isolated and stained with oligonucleotide-conjugated Sample Tags following the manufacturer’s instruction using the BDTM Single-Cell Multiplexing Kit, BD-Biosciences. Single-cell capture and cDNA library preparation was performed using the BD Rhapsody Express Single-cell analysis system (BD Biosciences), using the BD Rhapsody cDNA (BD Biosciences, cat# 633663) and Target amplification (BD Biosciences, cat# 633664) kits, according to the manufacturer’s instructions. Sequencing was performed on Nova SeqTM 6000 (Illumina, San Diego, CA). Data processing was initially conducted through the Seven Bridges Genomics platform, using BD Rhapsody Target Analysis Pipeline (version CWL-v1.2) to identifies and correct artifacts of sequencing, ensuring accurate molecule counting pre cell. DBEC (Distribution-based error correction) files were imported into SeqGeq version 1.6.0 (BD, Ashland, OR). Normalization was performed considering all genes, 10,000 counts per cell as a scaling factor. Quality control of samples was performed considering both cell and gene quality. Quality control for cell removes outlier events or doublets based on number of expressed genes relative to the library size. Gene quality control considered the total expression of each gene versus the cells expressing each gene, as well as the expression dispersion (Supplementary Figure 1D). The Lex BDSMK plugin was employed to identify Sample Tags. Data analyses were performed on sample-normalized and quality-controlled cells. Differentially expressed genes (DEGs) were identified using the FindMarker function, applying a Log2 fold change threshold (≥ 1.5 or ≤ -1.5) and a Bonferroni-adjusted p value<0.05.","Human infection with the protozoan Trypanosoma cruzi causes Chagas disease, which may lead to a deadly dilated cardiomyopathy resulting from T-cell-mediated inflammation. We found that specific HLA-DRB1 alleles (*0103, *0402, *1301, and *1302) that display the DERAA motif are linked to this severe clinical manifestation of Chagas disease. We employed computational analysis, in vitro functional assays, and single-cell RNA sequencing to determine the response of CD4+ T cells from indeterminate (IND) and cardiac (CCC) Chagas patients to peptides selected on DERAA-bearing alleles. We observed that these alleles display binding affinity towards host-derived peptides with sequence similarity to parasite-derived proteins. These peptides can activate and induce proliferation of CD4+ T-cells from CCC, but not IND. Importantly, the magnitude of this response correlated with the severity of ventricular dysfunction and increased production of soluble factors associated with myocardial fibrosis. Analysis of differentially expressed genes (DEGs) in activated CD4+ T-cells from individuals with the DERAA-DRB1 alleles demonstrated a high expression of cytotoxic, chemotactic and proapoptotic genes, linking these cells with pathogenic functions. Finally, we observed the upregulation of genes that code for the host proteins that contain the potentially pathogenic peptides in the cardiac tissue of CCC, suggesting their involvement in cardiomyopathy. Our findings highlight the ability of CD4+ T-cells from CCC patients to recognize and react to foreign and self-peptides, thereby emphasizing the importance of HLA-DRB1 alleles in the presentation of potentially pathogenic antigens and in the amplification of CCC pathology."
GSE107376,Gene expression profile of human placenta from T. Cruzi infected mothers,29545200,Public on Feb 20 2018,Expression profiling by high throughput sequencing,GPL16791,9,https://www.ncbi.nlm.nih.gov/geo/query/acc.cgi?acc=GSE107376&targ=gse&form=text&view=full,3614b09a0162af2f43f1606c80bd5f7f647330e628980243e33113bd8df6c719,"Serodiagnosis of pregnant women was done by means of conventional serological methods and carried out by the respective health centres based on routine assays. In maternal and umbilical cord blood samples T. cruzi presence was tested using multiplex Real Time PCR as previously described [6]. Maternal infection with other pathogens that produce congenital transmission and adverse pregnancy outcome were considered as exclusion criteria, as well as missing data or incorrect sampling.  Fresh normal placentas were obtained after labour from vaginal or caesarean deliveries and placed within 24 hours at 4°C. Each placenta was dissected and the middle section [7] at 2 cm distance from the umbilical cord was isolated and placed into RNAlater solution (Applied Biosystems, Foster City, CA). Total RNA was extracted with TRIzol reagent (Invitrogen, Carlsbad, CA) and stored at −80°C until used.   Transcriptomic studies. A RNA-Seq experiment was done in 9 pools of 2 different placental RNA samples each: 3 pools (C1, C2 and C3) belonging to placentas from seronegative mothers (SN) and 6 pools (TC4 to TC9) from seropositive mothers (SP). Each pool consisted of a binomial of a female/male newborn and a vaginal/caesarean delivery. The cDNA Libraries were prepared according to Illumina's TruSeq Stranded Total RNA with Ribo-Zero Gold for Human and a Hiseq 2.500 Illumina platform with 100 bp paired-end reads was used for sequencing","Background. More than one million women in fertile age are infected with Trypanosoma cruzi worldwide. Anti-T.cruzi seropositivity in mothers has been associated with adverse pregnancy outcome but there is still a knowledge gap regarding this effect. Our aim was to compare the gene expression profile of term placental environment from T. cruzi seropositive (SP) and seronegative (SN) mothers.   Methods. A RNA-Seq was performed in 9 pools of 2 different placental RNA samples each: 3 belonging to placentas from SN and 6 from SP. Each pool consisted of a binomial of a female/male newborn and a vaginal/caesarean delivery. None of the newborns resulted infected.  Results.  Only 42 genes showed a significant fold change between SP and SN groups. Among the down-regulated genes were KISS1 and CGB5. In the up-regulated genes group were: KIF12, HLA-G, PRG2, TAC3, FN1 and ATXN3L. To identify pathways significantly associated with maternal T. cruzi-infection, a gene-set association analysis was implemented. The placental environment transcriptomic profile of SP consisted of an enrichment in immunological genes sets (inflammatory response and lymphocytic activation were over-expressed) whereas numerous biosynthetic processes were down-regulated.   Conclusions. It is worth noting that several differentially expressed genes in SP placentas code for proteins associated to preeclampsia and miscarriage. This first transcriptomics study in human term placental environment from non-infected deliveries shows a placental response that may affect the faetus while protecting it from the parasite infection; this host response  could be responsible for the low rate of congenital transmission observed in human chronic Chagas disease.    Background. More than one million women in fertile age are infected with Trypanosoma cruzi worldwide. Anti-T.cruzi seropositivity in mothers has been associated with adverse pregnancy outcome but there is still a knowledge gap regarding this effect. Our aim was to compare the gene expression profile of term placental environment from T. cruzi seropositive (SP) and seronegative (SN) mothers.   Methods. A RNA-Seq was performed in 9 pools of 2 different placental RNA samples each: 3 belonging to placentas from SN and 6 from SP. Each pool consisted of a binomial of a female/male newborn and a vaginal/caesarean delivery. None of the newborns resulted infected.  Results.  Only 42 genes showed a significant fold change between SP and SN groups. Among the down-regulated genes were KISS1 and CGB5. In the up-regulated genes group were: KIF12, HLA-G, PRG2, TAC3, FN1 and ATXN3L. To identify pathways significantly associated with maternal T. cruzi-infection, a gene-set association analysis was implemented. The placental environment transcriptomic profile of SP consisted of an enrichment in immunological genes sets (inflammatory response and lymphocytic activation were over-expressed) whereas numerous biosynthetic processes were down-regulated.   Conclusions. It is worth noting that several differentially expressed genes in SP placentas code for proteins associated to preeclampsia and miscarriage. This first transcriptomics study in human term placental environment from non-infected deliveries shows a placental response that may affect the faetus while protecting it from the parasite infection; this host response  could be responsible for the low rate of congenital transmission observed in human chronic Chagas disease."
GSE328447,Comparative 5’ isomiRome analysis uncovers dysregulated 5’ isomiRs in Trypanosoma cruzi-infected macrophages,42614816,Public on Aug 26 2026,Expression profiling by high throughput sequencing,GPL16791,4,https://www.ncbi.nlm.nih.gov/geo/query/acc.cgi?acc=GSE328447&targ=gse&form=text&view=full,d7f7c78f020c9338ecbda0111ae236b832cbb9af67078d52462a402741e58de0,RNA-Seq profiling from THP1 derived macrophages transfected with miR-1246|+1 mimics or control mimics,"Trypanosoma cruzi (T. cruzi), the causative agent of Chagas disease, remains a major global health threat lacking effective therapies. Macrophages are key effector cells in the host response to T. cruzi infection, yet their incomplete clearance of T. cruzi contributes to Chagas disease pathogenesis. 5’ isomiRs, miRNA isoforms with shifted 5’ ends and altered seed sequences, have emerged as important regulators in diverse diseases. However, their expression alternations in T. cruzi-infected macrophages remain largely unknown. Here, we performed comparative analyses of 5’ isomiR expression in T. cruzi-infected macrophages. We found that T. cruzi infection induced a pronounced and selective increase in miRNA 5’-end heterogeneity in THP-1-derived macrophages, but not in cardiomyocytes or epithelial cells. Comparative 5’ isomiRome analyses further identified 68 differentially expressed 5’ isomiRs in THP-1 macrophages, most of which were specific to T. cruzi infection compared with other pathogens. Among these, 56 5’ isomiRs were associated with Argonaute proteins, including three originating from the miR-1246 precursor. Focusing on miR-1246|+1, a 5’ isomiR generated by a one-nucleotide downstream shift at the 5’ end, we showed that its overexpression significantly downregulated target genes involved in NF-κB signaling, cytokine responses, and cell migration. Notably, miR-1246|+1 broadly suppressed NF-κB family transcription factors and their downstream effector genes, thereby inhibiting pro-inflammatory M1 macrophage phenotype. Collectively, these findings reveal cell type- and pathogen-specific reprogramming of the 5’ isomiR landscape in T. cruzi-infected macrophages and identify miR-1246|+1 as a potential post-transcriptional regulator of macrophage inflammatory polarization."
GSE154421,Affymetrix SNP array data for pharmacogenomic profile of Benzidazole adverse reactions.,,Public on Mar 31 2021,SNP genotyping by SNP array,GPL28868,92,https://www.ncbi.nlm.nih.gov/geo/query/acc.cgi?acc=GSE154421&targ=gse&form=text&view=full,469016be9214ec484f7beaa185353dd521024f4bf819b2d26f1fffde7e06be8e,Affymetrix SNP arrays were performed according to the manufacturer's directions on DNA extracted from cryopreserved buffy-coat of peripheral blood of diagnostic Homo sapiens with Chagas disease treated with Benznidazole.,Search for SNPs associated with the pharmacogenomic profile of Benzidazole adverse reactions in Chagas Disease Homo sapiens patients.
GSE191081,Specific methylation marks in promoter regions are associated to the pathogenic process of Chronic Chagas disease Cardiomyopathy by modifying transcription factor binding patterns  [RNA-Seq],36072583,Public on Jul 18 2022,Expression profiling by high throughput sequencing,GPL24676,22,https://www.ncbi.nlm.nih.gov/geo/query/acc.cgi?acc=GSE191081&targ=gse&form=text&view=full,2ef0d8d3a5d9e7bcaf22c8e7a14dbcbc38948c3ba9e8aae7cfd1d763f61bb262,"Heart tissue samples (20–30 mg) were cleared from pericardial fat, crushed with ceramic beads (CK14, diameter 1.4 mm, Bertin) in 350 µL of RLT lysis buffer supplemented with 3.5 µL of β-mercapto-ethanol. Total RNA was extracted from biopsies using the RNeasy Mini Kit adapted with Trizol. RNA quantity and quality were measured with a 2100 BioAnalyzer (Agilent). Ribosomal RNAs were depleted and samples were prepared for sequencing according to the Illumina TruSeq RNA Preparation Kit and subjected to pairwise sequencing (2x150bp) with an Illumina HiSeq sequencer. Sequencer results were obtained as raw fastq file format.","Chagas disease, caused by Trypanosoma cruzi, is an endemic parasitical disease of Latin America, affecting 7 million people. Although most patients are asymptomatic, 30% develop complications, including Chronic Chagasic Cardiomyopathy (CCC), which ranges from moderate to severe stages depending on the cardiac ejection fraction. The pathogenic process remains poorly understood, although genetic and epigenetic factors have already been proposed. Based on bulk RNA-seq and EPIC methylation data, we investigated the genetic and epigenetic deregulations present in the moderate and severe stages of CCC. We identified 4 main biological processes associated with the pathology development, including immune response, ion transport, cardiac muscle processes and nervous system. An in-depth study of the transcription factors binding sites in the differentially methylated regions corroborated the importance of these processes. We also conducted a methylation study on blood to identify potential biomarkers for CCC. Our data revealed 198 differentially methylated positions (DMPs) that could serve as biomarkers of the disease, of which 61 are associated with disease severity."
GSE191082,Specific methylation marks in promoter regions are associated to the pathogenic process of Chronic Chagas disease Cardiomyopathy by modifying transcription factor binding patterns [methylation],36072583,Public on Jul 18 2022,Methylation profiling by genome tiling array,GPL21145,158,https://www.ncbi.nlm.nih.gov/geo/query/acc.cgi?acc=GSE191082&targ=gse&form=text&view=full,fc104f80db503d8645e1afb4bfe94f9680ea6ed3f00a545658f0754d785fc223,"DNAs, extracted from whole tissue of 14 samples, were bisulfite converted and amplified with elongation of primers with EZ DNA methylation kit (ZymoResearch, Saint Marcel, France). Amplified DNAs were fragmented and hybridized in beads (Infinium Human Methylation EPIC Bead Chip, Illumina, San Diego, California). Blood (5 to 15 ml of blood) from 144 samples was  collected in EDTA tubes. Genomic DNA was isolated on a silica-membrane according to the manufacturer’s protocol (QIAamp DNA Blood Max Kit, Qiagen, Hilden, Germany). Amplified DNAs were fragmented and hybridized in beads (Infinium Human Methylation EPIC Bead Chip, Illumina, San Diego, California).","Chagas disease, caused by Trypanosoma cruzi, is an endemic parasitical disease of Latin America, affecting 7 million people. Although most patients are asymptomatic, 30% develop complications, including Chronic Chagasic Cardiomyopathy (CCC), which ranges from moderate to severe stages depending on the cardiac ejection fraction. The pathogenic process remains poorly understood, although genetic and epigenetic factors have already been proposed. Based on bulk RNA-seq and EPIC methylation data, we investigated the genetic and epigenetic deregulations present in the moderate and severe stages of CCC. We identified 4 main biological processes associated with the pathology development, including immune response, ion transport, cardiac muscle processes and nervous system. An in-depth study of the transcription factors binding sites in the differentially methylated regions corroborated the importance of these processes. We also conducted a methylation study on blood to identify potential biomarkers for CCC. Our data revealed 198 differentially methylated positions (DMPs) that could serve as biomarkers of the disease, of which 61 are associated with disease severity."
