disease,method,seed,fold,npos,auroc,auprc
chagas,meta_abs_z,0,0,246,0.5550423831594957,0.02385522733803409
chagas,rwr,0,0,246,0.7540531149819387,0.06593154488422286
chagas,logreg,0,0,246,0.6456400742115028,0.027758349103885235
chagas,mlp,0,0,246,0.6413198109311182,0.02769769873715104
chagas,gcn,0,0,246,0.7276464071012279,0.04986192385176073
chagas,sage,0,0,246,0.6780977729993377,0.03230049543285149
chagas,sage_rwr,0,0,246,0.7527616250483489,0.059189457149273
chagas,meta_abs_z,0,1,246,0.4960370270819539,0.022640761255002924
chagas,rwr,0,1,246,0.7863829759337078,0.0815553207881568
chagas,logreg,0,1,246,0.6786910716744133,0.030372919077959786
chagas,mlp,0,1,246,0.672056615771911,0.04425323720062213
chagas,gcn,0,1,246,0.8029658377967313,0.10667015750257666
chagas,sage,0,1,246,0.7985996840110923,0.11381753486785426
chagas,sage_rwr,0,1,246,0.7832624215764045,0.09097196948917503
chagas,meta_abs_z,0,2,246,0.4438464110346997,0.018685209353604466
chagas,rwr,0,2,246,0.820430452939287,0.076031118081987
chagas,logreg,0,2,246,0.7117158459914643,0.04848256286822264
chagas,mlp,0,2,246,0.7052846194693747,0.03487005633115414
chagas,gcn,0,2,246,0.7580587005120069,0.07663242789134611
chagas,sage,0,2,246,0.7596255334771236,0.05090916569137911
chagas,sage_rwr,0,2,246,0.802651160046415,0.08529452975714617
chagas,meta_abs_z,0,3,246,0.5121015424164524,0.02399157039689677
chagas,rwr,0,3,246,0.79219794344473,0.07066687249163645
chagas,logreg,0,3,246,0.7094858611825193,0.053705240149830205
chagas,mlp,0,3,246,0.6920758354755784,0.050194022392823216
chagas,gcn,0,3,246,0.7842223650385605,0.07995933612487219
chagas,sage,0,3,246,0.7912724935732648,0.07731282065680556
chagas,sage_rwr,0,3,246,0.7672365038560411,0.0728991706954402
chagas,meta_abs_z,0,4,246,0.539803132049735,0.039393089685720056
chagas,rwr,0,4,246,0.6907953412727559,0.04706886077118373
chagas,logreg,0,4,246,0.5895349142227585,0.03127766848172464
chagas,mlp,0,4,246,0.5378587167514821,0.04253915117802144
chagas,gcn,0,4,246,0.7345364881170977,0.051954126250867094
chagas,sage,0,4,246,0.6376567336446147,0.041394276456000134
chagas,sage_rwr,0,4,246,0.6550810555584702,0.040736036788850884
chagas,meta_abs_z,1,0,246,0.4898680320184611,0.020335080428219788
chagas,rwr,1,0,246,0.7559739604161614,0.05061292086326036
chagas,logreg,1,0,246,0.6613149596491343,0.03275160104474345
chagas,mlp,1,0,246,0.6553950844713086,0.039840104765926324
chagas,gcn,1,0,246,0.7557182847440292,0.04920508557042659
chagas,sage,1,0,246,0.7383978969037021,0.05642483337816712
chagas,sage_rwr,1,0,246,0.7368048407927257,0.05372102743692324
chagas,meta_abs_z,1,1,246,0.5045234926607971,0.02507227713576434
chagas,rwr,1,1,246,0.769285484833188,0.06876402208719617
chagas,logreg,1,1,246,0.6471052924864131,0.027431752070139627
chagas,mlp,1,1,246,0.6152376144804211,0.025026180830764307
chagas,gcn,1,1,246,0.7827084576201183,0.0669805553944726
chagas,sage,1,1,246,0.7238899414568267,0.04348144693471397
chagas,sage_rwr,1,1,246,0.7504343208533012,0.05894541259089898
chagas,meta_abs_z,1,2,246,0.49165776172338516,0.022106493291059605
chagas,rwr,1,2,246,0.7852652143414385,0.10648601083602031
chagas,logreg,1,2,246,0.6861384450985661,0.06002749142436929
chagas,mlp,1,2,246,0.6635013144351862,0.038871062829866625
chagas,gcn,1,2,246,0.7894478061060595,0.12687032934505799
chagas,sage,1,2,246,0.7549381461547034,0.0881973247513099
chagas,sage_rwr,1,2,246,0.7762706753115638,0.09299939155825492
chagas,meta_abs_z,1,3,246,0.54978470437018,0.027594104831682415
chagas,rwr,1,3,246,0.7871143958868894,0.07332365721272167
chagas,logreg,1,3,246,0.6716388174807197,0.03450968571889936
chagas,mlp,1,3,246,0.6502570694087404,0.02882515159069228
chagas,gcn,1,3,246,0.730848329048843,0.060629777687511426
chagas,sage,1,3,246,0.6789717223650384,0.0461728721719999
chagas,sage_rwr,1,3,246,0.7740231362467866,0.06068576870735727
chagas,meta_abs_z,1,4,246,0.5096564975604638,0.021088229127088843
chagas,rwr,1,4,246,0.7985021772205025,0.07410612177930734
chagas,logreg,1,4,246,0.6794173967787629,0.04281177408168112
chagas,mlp,1,4,246,0.6980746025916793,0.0506143074412638
chagas,gcn,1,4,246,0.7478162216043229,0.05975041384440246
chagas,sage,1,4,246,0.7696999108126541,0.09294936045084526
chagas,sage_rwr,1,4,246,0.782015634017103,0.07605676904159758
