disease,gene,score,known_ot,mu,z,p,q,I2,k
chagas,TMEM79,0.8475403,False,2.4095,3.7465,0.00017928,0.0079264,0.0,1.0
chagas,CD226,0.5151443,False,2.9316,4.1641,3.1252e-05,0.0031472,0.0,1.0
chagas,C1S,0.44063735,False,1.8821,3.1949,0.0013989,0.023211,1.0,1.0
chagas,PGM5,0.3427452,False,-2.1177,-3.4593,0.00054159,0.013892,0.0,1.0
chagas,CLEC10A,0.28597823,False,2.4125,3.7493,0.00017732,0.0079036,0.0,1.0
chagas,KNG1,0.28272378,False,-2.0598,-3.3971,0.00068094,0.015641,0.0,1.0
chagas,PIK3R1,0.275517,False,1.6189,2.8621,0.0042084,0.043384,0.0,1.0
chagas,CTSK,0.25975606,False,2.1891,3.5336,0.00040999,0.012101,0.0,1.0
chagas,CHCHD2,0.16927601,False,-2.4254,-3.761,0.00016923,0.007832,0.0,1.0
chagas,PAN3,0.14946742,False,1.6517,2.9058,0.0036634,0.039963,1.0,1.0
chagas,POPDC2,0.12323296,False,-2.1878,-3.5322,0.00041204,0.012128,0.0,1.0
chagas,IGLL5,0.09347123,False,5.5334,5.1748,2.2816e-07,0.00031707,0.0,1.0
chagas,PTPN6,0.09198785,False,2.2833,3.6275,0.00028614,0.010104,0.0,1.0
chagas,MXRA7,0.08693556,False,-1.7275,-3.0043,0.0026617,0.033207,1.0,1.0
chagas,HLA-E,0.059315726,False,1.9882,3.3177,0.00090754,0.018078,0.0,1.0
chagas,KLRC1,0.058340054,False,3.9971,4.7345,2.196e-06,0.00065456,1.0,1.0
chagas,SERPING1,0.053510755,False,-1.9981,-3.3289,0.00087198,0.017795,0.0,1.0
chagas,SYK,0.045519482,False,1.9094,3.2271,0.0012507,0.021903,0.0,1.0
chagas,HLA-DRB5,0.044018287,False,1.8605,3.1691,0.0015292,0.024422,1.0,1.0
chagas,RNF11,0.0413937,False,-2.0012,-3.3324,0.00086109,0.017719,0.0,1.0
chagas,DYRK1A,0.04048931,False,-2.3929,-3.7313,0.00019049,0.0082234,0.0,1.0
chagas,HLA-DQB2,0.0360124,False,1.639,2.889,0.0038649,0.041372,1.0,1.0
chagas,SGMS2,0.034801308,False,-1.9802,-3.3087,0.00093728,0.018467,0.0,1.0
chagas,FYN,0.0341073,False,1.8836,3.1966,0.0013904,0.023183,0.0,1.0
chagas,KLRK1,0.03201592,False,4.2711,4.838,1.3118e-06,0.00047634,0.0,1.0
chagas,FCN3,0.03133304,False,-1.9891,-3.3187,0.00090432,0.01803,0.0,1.0
chagas,CARD9,0.02978225,False,2.16,3.5036,0.00045899,0.012695,0.0,1.0
chagas,CFH,0.029495798,False,1.9838,3.3128,0.00092373,0.018333,0.0,1.0
chagas,CD276,0.026244773,False,-2.1211,-3.4629,0.00053437,0.013788,0.0,1.0
chagas,TYROBP,0.026099863,False,1.7535,3.0373,0.0023867,0.031217,1.0,1.0
