ensembl,symbol,score,genetic_association,somatic_mutation,known_drug,affected_pathway,rna_expression,literature,animal_model
ENSG00000187730,GABRD,0.5821206875140307,0,0,0,0,0,0.044074982826842524,0
ENSG00000163285,GABRG1,0.5807809605407986,0,0,0,0,0,0,0
ENSG00000145864,GABRB2,0.5807809605407986,0,0,0,0,0,0,0
ENSG00000011677,GABRA3,0.5807809605407986,0,0,0,0,0,0,0
ENSG00000268089,GABRQ,0.5807809605407986,0,0,0,0,0,0,0
ENSG00000145863,GABRA6,0.5807809605407986,0,0,0,0,0,0,0
ENSG00000163288,GABRB1,0.5807809605407986,0,0,0,0,0,0,0
ENSG00000182256,GABRG3,0.5807809605407986,0,0,0,0,0,0,0
ENSG00000094755,GABRP,0.5807809605407986,0,0,0,0,0,0,0
ENSG00000022355,GABRA1,0.5807809605407986,0,0,0,0,0,0,0
ENSG00000109158,GABRA4,0.5807809605407986,0,0,0,0,0,0,0
ENSG00000186297,GABRA5,0.5807809605407986,0,0,0,0,0,0,0
ENSG00000102287,GABRE,0.5807809605407986,0,0,0,0,0,0,0
ENSG00000166206,GABRB3,0.5807809605407986,0,0,0,0,0,0,0
ENSG00000151834,GABRA2,0.5807809605407986,0,0,0,0,0,0,0
ENSG00000113327,GABRG2,0.5807809605407986,0,0,0,0,0,0,0
ENSG00000108576,SLC6A4,0.33447001053466263,0,0,0,0,0,0.045857111128952945,0
ENSG00000149295,DRD2,0.27318624230797933,0,0,0,0,0,0.09726892761785938,0
ENSG00000102468,HTR2A,0.27241012461314146,0,0,0,0,0,0.03647584785669726,0
ENSG00000054356,PTPRN,0.26302177409526156,0.43265084632756845,0,0,0,0,0,0
ENSG00000178394,HTR1A,0.26175493208044004,0,0,0,0,0,0.10030858160591748,0
ENSG00000103546,SLC6A2,0.25870589827929125,0,0,0,0,0,0,0
ENSG00000112038,OPRM1,0.25259140490567433,0,0,0,0,0,0.02279740491043579,0
ENSG00000198785,GRIN3A,0.21038743872209628,0,0,0,0,0,0.01823792392834863,0
ENSG00000273079,GRIN2B,0.21038743872209628,0,0,0,0,0,0.01823792392834863,0
ENSG00000105464,GRIN2D,0.20983306894006923,0,0,0,0,0,0,0
ENSG00000116032,GRIN3B,0.20983306894006923,0,0,0,0,0,0,0
ENSG00000183454,GRIN2A,0.20983306894006923,0,0,0,0,0,0,0
ENSG00000161509,GRIN2C,0.20983306894006923,0,0,0,0,0,0,0
ENSG00000176884,GRIN1,0.20983306894006923,0,0,0,0,0,0,0
ENSG00000072121,ZFYVE26,0.19689358334561802,0.323874993863042,0,0,0,0,0,0
ENSG00000007314,SCN4A,0.18571387697906264,0,0,0,0,0,0,0
ENSG00000169432,SCN9A,0.1847899273423509,0,0,0,0,0,0,0
ENSG00000168356,SCN11A,0.1847899273423509,0,0,0,0,0,0,0
ENSG00000136531,SCN2A,0.1847899273423509,0,0,0,0,0,0,0
ENSG00000185313,SCN10A,0.1847899273423509,0,0,0,0,0,0,0
ENSG00000196876,SCN8A,0.1847899273423509,0,0,0,0,0,0,0
ENSG00000183873,SCN5A,0.1847899273423509,0,0,0,0,0,0,0
ENSG00000153253,SCN3A,0.1847899273423509,0,0,0,0,0,0,0
ENSG00000136546,SCN7A,0.1847899273423509,0,0,0,0,0,0,0
ENSG00000144285,SCN1A,0.1847899273423509,0,0,0,0,0,0,0
ENSG00000182185,RAD51B,0.1735124348020859,0.28541477991206327,0,0,0,0,0,0
ENSG00000139988,RDH12,0.10158295919677868,0.16709625436952338,0,0,0,0,0,0
ENSG00000091831,ESR1,0.0783912519560141,0,0,0,0,0,0.14722994908814543,0
ENSG00000180914,OXTR,0.0664932367556777,0,0,0,0,0,0.5468816271268852,0
ENSG00000081181,ARG2,0.06471364685906243,0.10644903517522565,0,0,0,0,0,0
ENSG00000101405,OXT,0.05246395600533554,0,0,0,0,0,0.4314961193893349,0
ENSG00000017427,IGF1,0.04477049295222179,0,0,0,0,0,0.3682203067200388,0
ENSG00000100568,VTI1B,0.04421634938511575,0.07273253725395819,0,0,0,0,0,0
ENSG00000147246,HTR2C,0.04386194247612189,0,0,0,0,0,0,0
ENSG00000132693,CRP,0.03405780102463676,0,0,0,0,0,0.28011248285528306,0
ENSG00000072042,RDH11,0.03376395191706911,0.05553913710198203,0,0,0,0,0,0
ENSG00000115705,TPO,0.030307148991591162,0,0,0,0,0,0.24926479387669548,0
ENSG00000134184,GSTM1,0.02756203362953611,0,0,0,0,0,0.22668726224941332,0
ENSG00000176697,BDNF,0.027360202159192278,0,0,0,0,0,0.22502727503428316,0
ENSG00000100300,TSPO,0.025241893430682154,0,0,0,0,0,0.20760498999104854,0
ENSG00000100564,PIGH,0.022474536355943688,0.036968905744271294,0,0,0,0,0,0
ENSG00000042832,TG,0.022057824937188063,0,0,0,0,0,0.18141723551304428,0
ENSG00000113580,NR3C1,0.02126960290809581,0,0,0,0,0,0.17493440858447817,0
ENSG00000054690,PLEKHH1,0.021059355010552134,0.03464103989021129,0,0,0,0,0,0
ENSG00000161610,HCRT,0.020696471862343302,0,0,0,0,0,0.17022062333125393,0
ENSG00000147571,CRH,0.020274261291161,0,0,0,0,0,0.1667481016820708,0
ENSG00000136244,IL6,0.019442537431159382,0,0,0,0,0,0.15990748871041996,0
ENSG00000072315,TRPC5,0.019197620229455346,0,0,0,0,0,0.15789313771301827,0
ENSG00000162946,DISC1,0.01626151360612688,0,0,0,0,0,0.13374477547455663,0
ENSG00000093010,COMT,0.015891933751442176,0,0,0,0,0,0.13070512148649852,0
ENSG00000149021,SCGB1A1,0.014783194187388075,0,0,0,0,0,0.12158615952232422,0
ENSG00000174697,LEP,0.014618484160225573,0,0,0,0,0,0.12023148208362894,0
ENSG00000136634,IL10,0.011326185291095667,0,0,0,0,0,0.09315357385736069,0
ENSG00000204256,BRD2,0.010717815785856353,0,0,0,0,0,0.08814996565368505,0
ENSG00000162711,NLRP3,0.010350905119011038,0,0,0,0,0,0.08513226472220735,0
ENSG00000139289,PHLDA1,0.010348235931171651,0,0,0,0,0,0.08511031166562696,0
ENSG00000125538,IL1B,0.009960449682650318,0,0,0,0,0,0.08192091700060233,0
ENSG00000198793,MTOR,0.009678475105626375,0,0,0,0,0,0.07960178316060165,0
ENSG00000142538,PTH2,0.009609076221802246,0,0,0,0,0,0.07903100368951074,0
ENSG00000259384,GH1,0.009588544007653096,0,0,0,0,0,0.0788621340235075,0
ENSG00000172179,PRL,0.009572186787853832,0,0,0,0,0,0.07872760210093074,0
ENSG00000213523,SRA1,0.009239496367117545,0,0,0,0,0,0.07599134970145263,0
ENSG00000083444,PLOD1,0.008869916512432843,0,0,0,0,0,0.07295169571339452,0
ENSG00000189221,MAOA,0.008746723227537943,0,0,0,0,0,0.07193847771737516,0
ENSG00000127483,HP1BP3,0.008717018793777787,0,0,0,0,0,0.07169417002744684,0
ENSG00000181092,ADIPOQ,0.008528671113273968,0,0,0,0,0,0.07014508186442087,0
ENSG00000117594,HSD11B1,0.008500336657748143,0,0,0,0,0,0.06991204172533642,0
ENSG00000115138,POMC,0.008484411621039193,0,0,0,0,0,0.0697810643445925,0
ENSG00000096717,SIRT1,0.008387409479927816,0,0,0,0,0,0.06898325856231867,0
ENSG00000182578,CSF1R,0.00813075680306344,0,0,0,0,0,0.06687238773727831,0
ENSG00000197122,SRC,0.007925434661571938,0,0,0,0,0,0.06518369107724604,0
ENSG00000186951,PPARA,0.007761176948378739,0,0,0,0,0,0.06383273374922022,0
ENSG00000140009,ESR2,0.007761176948378739,0,0,0,0,0,0.06383273374922022,0
ENSG00000010610,CD4,0.007761176948378739,0,0,0,0,0,0.06383273374922022,0
ENSG00000102032,RENBP,0.0073915970936940375,0,0,0,0,0,0.06079307976116211,0
ENSG00000087088,BAX,0.0073915970936940375,0,0,0,0,0,0.06079307976116211,0
ENSG00000189056,RELN,0.0073915970936940375,0,0,0,0,0,0.06079307976116211,0
ENSG00000156983,BRPF1,0.0073915970936940375,0,0,0,0,0,0.06079307976116211,0
ENSG00000115548,KDM3A,0.0073915970936940375,0,0,0,0,0,0.06079307976116211,0
ENSG00000107317,PTGDS,0.0073915970936940375,0,0,0,0,0,0.06079307976116211,0
ENSG00000152266,PTH,0.0073915970936940375,0,0,0,0,0,0.06079307976116211,0
ENSG00000085377,PREP,0.0073915970936940375,0,0,0,0,0,0.06079307976116211,0
ENSG00000145321,GC,0.0073915970936940375,0,0,0,0,0,0.06079307976116211,0
ENSG00000130204,TOMM40,0.0073915970936940375,0,0,0,0,0,0.06079307976116211,0
ENSG00000133606,MKRN1,0.0073915970936940375,0,0,0,0,0,0.06079307976116211,0
ENSG00000151623,NR3C2,0.0073915970936940375,0,0,0,0,0,0.06079307976116211,0
ENSG00000130427,EPO,0.0073915970936940375,0,0,0,0,0,0.06079307976116211,0
ENSG00000120915,EPHX2,0.007206807166351686,0,0,0,0,0,0.05927325276713306,0
ENSG00000174521,TTC9B,0.006816695097517833,0,0,0,0,0,0.05606472911307172,0
ENSG00000075213,SEMA3A,0.006652437384324632,0,0,0,0,0,0.0547137717850459,0
ENSG00000232810,TNF,0.0063683616308277844,0,0,0,0,0,0.052377356566299806,0
ENSG00000254647,INS,0.00601347488000308,0,0,0,0,0,0.04945854777902543,0
ENSG00000139287,TPH2,0.005872213246656929,0,0,0,0,0,0.04829672447692323,0
ENSG00000118495,PLAGL1,0.0051741179655858255,0,0,0,0,0,0.04255515583281348,0
ENSG00000283122,HYMAI,0.0051741179655858255,0,0,0,0,0,0.04255515583281348,0
ENSG00000157219,HTR5A,0.004989328038243475,0,0,0,0,0,0.04103532883878443,0
ENSG00000117009,KMO,0.004968795824094324,0,0,0,0,0,0.04086645917278119,0
ENSG00000170099,SERPINA6,0.004804538110901123,0,0,0,0,0,0.03951550184475537,0
ENSG00000104826,LHB,0.004804538110901123,0,0,0,0,0,0.03951550184475537,0
ENSG00000169047,IRS1,0.0044349582562164215,0,0,0,0,0,0.03647584785669726,0
ENSG00000131203,IDO1,0.0044349582562164215,0,0,0,0,0,0.03647584785669726,0
ENSG00000144366,GULP1,0.0044349582562164215,0,0,0,0,0,0.03647584785669726,0
ENSG00000129455,KLK8,0.0044349582562164215,0,0,0,0,0,0.03647584785669726,0
ENSG00000134258,VTCN1,0.0044349582562164215,0,0,0,0,0,0.03647584785669726,0
ENSG00000162222,TTC9C,0.0044349582562164215,0,0,0,0,0,0.03647584785669726,0
ENSG00000168081,PNOC,0.0044349582562164215,0,0,0,0,0,0.03647584785669726,0
ENSG00000197956,S100A6,0.0044349582562164215,0,0,0,0,0,0.03647584785669726,0
ENSG00000112164,GLP1R,0.0044349582562164215,0,0,0,0,0,0.03647584785669726,0
ENSG00000214285,NPS,0.0042501683288740716,0,0,0,0,0,0.03495602086266821,0
ENSG00000102882,MAPK3,0.00406537840153172,0,0,0,0,0,0.03343619386863916,0
ENSG00000101200,AVP,0.0037573951892944687,0,0,0,0,0,0.03090314887859074,0
ENSG00000176046,NUPR1,0.0036957985468470188,0,0,0,0,0,0.030396539880581056,0
ENSG00000007908,SELE,0.0036957985468470188,0,0,0,0,0,0.030396539880581056,0
ENSG00000187672,ERC2,0.0036957985468470188,0,0,0,0,0,0.030396539880581056,0
ENSG00000133794,BMAL1,0.0036957985468470188,0,0,0,0,0,0.030396539880581056,0
ENSG00000120057,SFRP5,0.0036957985468470188,0,0,0,0,0,0.030396539880581056,0
ENSG00000171791,BCL2,0.0036957985468470188,0,0,0,0,0,0.030396539880581056,0
ENSG00000112319,EYA4,0.0036957985468470188,0,0,0,0,0,0.030396539880581056,0
ENSG00000115596,WNT6,0.0036957985468470188,0,0,0,0,0,0.030396539880581056,0
ENSG00000111875,ASF1A,0.0036957985468470188,0,0,0,0,0,0.030396539880581056,0
ENSG00000135932,CAB39,0.0036957985468470188,0,0,0,0,0,0.030396539880581056,0
ENSG00000150907,FOXO1,0.0036957985468470188,0,0,0,0,0,0.030396539880581056,0
ENSG00000162624,LHX8,0.0036957985468470188,0,0,0,0,0,0.030396539880581056,0
ENSG00000102081,FMR1,0.0036957985468470188,0,0,0,0,0,0.030396539880581056,0
ENSG00000109320,NFKB1,0.0035110086195046675,0,0,0,0,0,0.028876712886552,0
ENSG00000019991,HGF,0.003490476405355517,0,0,0,0,0,0.02870784322054877,0
ENSG00000103249,CLCN7,0.0029566388374776143,0,0,0,0,0,0.024317231904464845,0
ENSG00000164904,ALDH7A1,0.0029566388374776143,0,0,0,0,0,0.024317231904464845,0
ENSG00000157017,GHRL,0.0029566388374776143,0,0,0,0,0,0.024317231904464845,0
ENSG00000049768,FOXP3,0.0029566388374776143,0,0,0,0,0,0.024317231904464845,0
ENSG00000204305,AGER,0.0029566388374776143,0,0,0,0,0,0.024317231904464845,0
ENSG00000169429,CXCL8,0.0029566388374776143,0,0,0,0,0,0.024317231904464845,0
ENSG00000196664,TLR7,0.0029566388374776143,0,0,0,0,0,0.024317231904464845,0
ENSG00000136869,TLR4,0.0029566388374776143,0,0,0,0,0,0.024317231904464845,0
ENSG00000124356,STAMBP,0.0029566388374776143,0,0,0,0,0,0.024317231904464845,0
ENSG00000100362,PVALB,0.0029566388374776143,0,0,0,0,0,0.024317231904464845,0
ENSG00000133985,TTC9,0.0029566388374776143,0,0,0,0,0,0.024317231904464845,0
ENSG00000008086,CDKL5,0.0029361066233284643,0,0,0,0,0,0.024148362238461615,0
ENSG00000082175,PGR,0.0025870589827929123,0,0,0,0,0,0.021277577916406734,0
ENSG00000175206,NPPA,0.0025870589827929123,0,0,0,0,0,0.021277577916406734,0
ENSG00000134824,FADS2,0.0022174791281082107,0,0,0,0,0,0.01823792392834863,0
ENSG00000175029,CTBP2,0.0022174791281082107,0,0,0,0,0,0.01823792392834863,0
ENSG00000113594,LIFR,0.0022174791281082107,0,0,0,0,0,0.01823792392834863,0
ENSG00000105329,TGFB1,0.0022174791281082107,0,0,0,0,0,0.01823792392834863,0
ENSG00000178568,ERBB4,0.0022174791281082107,0,0,0,0,0,0.01823792392834863,0
ENSG00000105369,CD79A,0.0022174791281082107,0,0,0,0,0,0.01823792392834863,0
ENSG00000105928,GSDME,0.0022174791281082107,0,0,0,0,0,0.01823792392834863,0
ENSG00000165023,DIRAS2,0.0022174791281082107,0,0,0,0,0,0.01823792392834863,0
ENSG00000102245,CD40LG,0.0022174791281082107,0,0,0,0,0,0.01823792392834863,0
ENSG00000241563,CORT,0.0022174791281082107,0,0,0,0,0,0.01823792392834863,0
ENSG00000122585,NPY,0.0022174791281082107,0,0,0,0,0,0.01823792392834863,0
ENSG00000131951,LRRC9,0.0022174791281082107,0,0,0,0,0,0.01823792392834863,0
ENSG00000112715,VEGFA,0.0022174791281082107,0,0,0,0,0,0.01823792392834863,0
ENSG00000139970,RTN1,0.0022174791281082107,0,0,0,0,0,0.01823792392834863,0
ENSG00000154415,PPP1R3A,0.0022174791281082107,0,0,0,0,0,0.01823792392834863,0
ENSG00000072274,TFRC,0.0022174791281082107,0,0,0,0,0,0.01823792392834863,0
ENSG00000149485,FADS1,0.0022174791281082107,0,0,0,0,0,0.01823792392834863,0
ENSG00000100612,DHRS7,0.0022174791281082107,0,0,0,0,0,0.01823792392834863,0
ENSG00000257017,HP,0.0022174791281082107,0,0,0,0,0,0.01823792392834863,0
ENSG00000181754,AMIGO1,0.0022174791281082107,0,0,0,0,0,0.01823792392834863,0
ENSG00000001626,CFTR,0.0022174791281082107,0,0,0,0,0,0.01823792392834863,0
ENSG00000126773,PCNX4,0.0022174791281082107,0,0,0,0,0,0.01823792392834863,0
ENSG00000054282,SDCCAG8,0.0022174791281082107,0,0,0,0,0,0.01823792392834863,0
ENSG00000134516,DOCK2,0.0022174791281082107,0,0,0,0,0,0.01823792392834863,0
ENSG00000109471,IL2,0.0022174791281082107,0,0,0,0,0,0.01823792392834863,0
ENSG00000137869,CYP19A1,0.0022174791281082107,0,0,0,0,0,0.01823792392834863,0
ENSG00000163631,ALB,0.0022174791281082107,0,0,0,0,0,0.01823792392834863,0
ENSG00000143106,PSMA5,0.0022174791281082107,0,0,0,0,0,0.01823792392834863,0
ENSG00000089127,OAS1,0.0022174791281082107,0,0,0,0,0,0.01823792392834863,0
ENSG00000129167,TPH1,0.0022174791281082107,0,0,0,0,0,0.01823792392834863,0
ENSG00000143028,SYPL2,0.0022174791281082107,0,0,0,0,0,0.01823792392834863,0
ENSG00000122566,HNRNPA2B1,0.0018478992734235094,0,0,0,0,0,0.015198269940290528,0
ENSG00000048462,TNFRSF17,0.0018478992734235094,0,0,0,0,0,0.015198269940290528,0
ENSG00000118260,CREB1,0.0018478992734235094,0,0,0,0,0,0.015198269940290528,0
ENSG00000142208,AKT1,0.0018478992734235094,0,0,0,0,0,0.015198269940290528,0
ENSG00000150782,IL18,0.0018478992734235094,0,0,0,0,0,0.015198269940290528,0
ENSG00000155511,GRIA1,0.0018478992734235094,0,0,0,0,0,0.015198269940290528,0
ENSG00000166148,AVPR1A,0.0014783194187388072,0,0,0,0,0,0.012158615952232422,0
ENSG00000143341,HMCN1,0.0014783194187388072,0,0,0,0,0,0.012158615952232422,0
ENSG00000100985,MMP9,0.0014783194187388072,0,0,0,0,0,0.012158615952232422,0
ENSG00000177000,MTHFR,0.0014783194187388072,0,0,0,0,0,0.012158615952232422,0
ENSG00000144852,NR1I2,0.0014783194187388072,0,0,0,0,0,0.012158615952232422,0
ENSG00000104687,GSR,0.0014783194187388072,0,0,0,0,0,0.012158615952232422,0
ENSG00000118432,CNR1,0.0014783194187388072,0,0,0,0,0,0.012158615952232422,0
ENSG00000173531,MST1,0.0014783194187388072,0,0,0,0,0,0.012158615952232422,0
ENSG00000134321,RSAD2,0.0014783194187388072,0,0,0,0,0,0.012158615952232422,0
ENSG00000077279,DCX,0.0014783194187388072,0,0,0,0,0,0.012158615952232422,0
ENSG00000268221,OPN1MW,0.0014783194187388072,0,0,0,0,0,0.012158615952232422,0
ENSG00000172936,MYD88,0.0014783194187388072,0,0,0,0,0,0.012158615952232422,0
ENSG00000160712,IL6R,0.0014783194187388072,0,0,0,0,0,0.012158615952232422,0
ENSG00000112541,PDE10A,0.0014783194187388072,0,0,0,0,0,0.012158615952232422,0
ENSG00000120088,CRHR1,0.0014783194187388072,0,0,0,0,0,0.012158615952232422,0
ENSG00000070182,SPTB,0.0014783194187388072,0,0,0,0,0,0.012158615952232422,0
ENSG00000169245,CXCL10,0.0014783194187388072,0,0,0,0,0,0.012158615952232422,0
ENSG00000172071,EIF2AK3,0.0014783194187388072,0,0,0,0,0,0.012158615952232422,0
ENSG00000169313,P2RY12,0.0014783194187388072,0,0,0,0,0,0.012158615952232422,0
ENSG00000012779,ALOX5,0.0014783194187388072,0,0,0,0,0,0.012158615952232422,0
ENSG00000116288,PARK7,0.0014783194187388072,0,0,0,0,0,0.012158615952232422,0
ENSG00000134352,IL6ST,0.0014783194187388072,0,0,0,0,0,0.012158615952232422,0
ENSG00000092199,HNRNPC,0.0014783194187388072,0,0,0,0,0,0.012158615952232422,0
ENSG00000186868,MAPT,0.0014783194187388072,0,0,0,0,0,0.012158615952232422,0
ENSG00000108691,CCL2,0.0014783194187388072,0,0,0,0,0,0.012158615952232422,0
ENSG00000109819,PPARGC1A,0.0014783194187388072,0,0,0,0,0,0.012158615952232422,0
ENSG00000196502,SULT1A1,0.0014783194187388072,0,0,0,0,0,0.012158615952232422,0
ENSG00000010810,FYN,0.0014783194187388072,0,0,0,0,0,0.012158615952232422,0
ENSG00000068024,HDAC4,0.0014783194187388072,0,0,0,0,0,0.012158615952232422,0
ENSG00000100097,LGALS1,0.0014783194187388072,0,0,0,0,0,0.012158615952232422,0
ENSG00000092969,TGFB2,0.0014783194187388072,0,0,0,0,0,0.012158615952232422,0
ENSG00000068028,RASSF1,0.0014783194187388072,0,0,0,0,0,0.012158615952232422,0
ENSG00000166501,PRKCB,0.0014783194187388072,0,0,0,0,0,0.012158615952232422,0
ENSG00000115594,IL1R1,0.0014783194187388072,0,0,0,0,0,0.012158615952232422,0
ENSG00000077463,SIRT6,0.0014783194187388072,0,0,0,0,0,0.012158615952232422,0
