donor_id,day,disease_state,gsm
G1,1,ME/CFS,GSM3664555
G1,2,ME/CFS,GSM3664556
G1,3,ME/CFS,GSM3664557
G1,7,ME/CFS,GSM3664558
G12,1,ME/CFS,GSM3664559
G12,2,ME/CFS,GSM3664560
G12,3,ME/CFS,GSM3664561
G13,1,ME/CFS,GSM3664562
G13,2,ME/CFS,GSM3664563
G13,3,ME/CFS,GSM3664564
G13,7,ME/CFS,GSM3664565
G2,1,ME/CFS,GSM3664566
G2,2,ME/CFS,GSM3664567
G2,3,ME/CFS,GSM3664568
G2,7,ME/CFS,GSM3664569
G4,1,ME/CFS,GSM3664570
G4,2,ME/CFS,GSM3664571
G4,3,ME/CFS,GSM3664572
G4,7,ME/CFS,GSM3664573
G9,1,ME/CFS,GSM3664574
G9,2,ME/CFS,GSM3664575
G9,3,ME/CFS,GSM3664576
G9,7,ME/CFS,GSM3664577
K1,1,Control,GSM3664578
K1,2,Control,GSM3664579
K1,3,Control,GSM3664580
K1,7,Control,GSM3664581
K12,1,Control,GSM3664582
K12,2,Control,GSM3664583
K12,3,Control,GSM3664584
K12,7,Control,GSM3664585
K2,1,Control,GSM3664586
K2,2,Control,GSM3664587
K2,3,Control,GSM3664588
K2,7,Control,GSM3664589
K4,1,Control,GSM3664590
K4,2,Control,GSM3664591
K4,3,Control,GSM3664592
K4,7,Control,GSM3664593
K7,1,Control,GSM3664594
K7,2,Control,GSM3664595
K7,3,Control,GSM3664596
K7,7,Control,GSM3664597
P10,1,ME/CFS,GSM3664598
P10,2,ME/CFS,GSM3664599
P10,3,ME/CFS,GSM3664600
P10,7,ME/CFS,GSM3664601
P11,1,ME/CFS,GSM3664602
P11,2,ME/CFS,GSM3664603
P11,3,ME/CFS,GSM3664604
P11,7,ME/CFS,GSM3664605
P14,1,ME/CFS,GSM3664606
P14,2,ME/CFS,GSM3664607
P14,3,ME/CFS,GSM3664608
P14,7,ME/CFS,GSM3664609
P3,1,ME/CFS,GSM3664610
P3,2,ME/CFS,GSM3664611
P3,3,ME/CFS,GSM3664612
P3,7,ME/CFS,GSM3664613
P5,1,ME/CFS,GSM3664614
P5,2,ME/CFS,GSM3664615
P5,3,ME/CFS,GSM3664616
P5,7,ME/CFS,GSM3664617
P6,1,ME/CFS,GSM3664618
P6,2,ME/CFS,GSM3664619
P6,3,ME/CFS,GSM3664620
P6,7,ME/CFS,GSM3664621
P7,1,ME/CFS,GSM3664622
P7,2,ME/CFS,GSM3664623
P7,3,ME/CFS,GSM3664624
P7,7,ME/CFS,GSM3664625
P8,1,ME/CFS,GSM3664626
P8,2,ME/CFS,GSM3664627
P8,3,ME/CFS,GSM3664628
P8,7,ME/CFS,GSM3664629
T10,1,Control,GSM3664630
T10,2,Control,GSM3664631
T10,3,Control,GSM3664632
T10,7,Control,GSM3664633
T11,1,Control,GSM3664634
T11,2,Control,GSM3664635
T11,3,Control,GSM3664636
T11,7,Control,GSM3664637
T13,1,Control,GSM3664638
T13,2,Control,GSM3664639
T13,3,Control,GSM3664640
T13,7,Control,GSM3664641
T14,1,Control,GSM3664642
T14,2,Control,GSM3664643
T14,3,Control,GSM3664644
T14,7,Control,GSM3664645
T6,1,Control,GSM3664646
T6,2,Control,GSM3664647
T6,3,Control,GSM3664648
T6,7,Control,GSM3664649
T9,1,Control,GSM3664650
T9,2,Control,GSM3664651
T9,3,Control,GSM3664652
T9,7,Control,GSM3664653
