gsm,title,group,person_token,organism,tissue,disease,biopsied_site,sex,age,platform,fpkm_column,column_in_matrix
GSM7660353,Hunner_Type_Interstitial_Cystitis_Case1_Hunner_Lesion,HIC Hunner lesion,HIC patient 1,Homo sapiens,Bladder,Hunner_Type_Interstitial_Cystitis,Hunner_Lesion,F,78,GPL24676,PR1139_190_b.FPKM,True
GSM7660354,Hunner_Type_Interstitial_Cystitis_Case2_Hunner_Lesion,HIC Hunner lesion,HIC patient 2,Homo sapiens,Bladder,Hunner_Type_Interstitial_Cystitis,Hunner_Lesion,F,64,GPL24676,PR1139_194_b.FPKM,True
GSM7660355,Hunner_Type_Interstitial_Cystitis_Case3_Hunner_Lesion,HIC Hunner lesion,HIC patient 3,Homo sapiens,Bladder,Hunner_Type_Interstitial_Cystitis,Hunner_Lesion,F,67,GPL24676,PR1139_196_b.FPKM,True
GSM7660356,Hunner_Type_Interstitial_Cystitis_Case4_Hunner_Lesion,HIC Hunner lesion,HIC patient 4,Homo sapiens,Bladder,Hunner_Type_Interstitial_Cystitis,Hunner_Lesion,F,77,GPL24676,PR1139_198_b.FPKM,True
GSM7660357,Hunner_Type_Interstitial_Cystitis_Case5_Hunner_Lesion,HIC Hunner lesion,HIC patient 5,Homo sapiens,Bladder,Hunner_Type_Interstitial_Cystitis,Hunner_Lesion,F,74,GPL24676,PR1139_200_b.FPKM,True
GSM7660358,Hunner_Type_Interstitial_Cystitis_Case6_Hunner_Lesion,HIC Hunner lesion,HIC patient 6,Homo sapiens,Bladder,Hunner_Type_Interstitial_Cystitis,Hunner_Lesion,F,51,GPL24676,PR1139_204_b.FPKM,True
GSM7660359,Hunner_Type_Interstitial_Cystitis_Case7_Hunner_Lesion,HIC Hunner lesion,HIC patient 7,Homo sapiens,Bladder,Hunner_Type_Interstitial_Cystitis,Hunner_Lesion,F,63,GPL24676,PR1139_206_b.FPKM,True
GSM7660360,Hunner_Type_Interstitial_Cystitis_Case8_Hunner_Lesion,HIC Hunner lesion,HIC patient 8,Homo sapiens,Bladder,Hunner_Type_Interstitial_Cystitis,Hunner_Lesion,F,58,GPL24676,PR1139_208_b.FPKM,True
GSM7660361,Hunner_Type_Interstitial_Cystitis_Case9_Hunner_Lesion,HIC Hunner lesion,HIC patient 9,Homo sapiens,Bladder,Hunner_Type_Interstitial_Cystitis,Hunner_Lesion,F,47,GPL24676,PR1139_212_b.FPKM,True
GSM7660362,Hunner_Type_Interstitial_Cystitis_Case10_Hunner_Lesion,HIC Hunner lesion,HIC patient 10,Homo sapiens,Bladder,Hunner_Type_Interstitial_Cystitis,Hunner_Lesion,F,59,GPL24676,PR1139_220_b.FPKM,True
GSM7660363,Hunner_Type_Interstitial_Cystitis_Case11_Hunner_Lesion,HIC Hunner lesion,HIC patient 11,Homo sapiens,Bladder,Hunner_Type_Interstitial_Cystitis,Hunner_Lesion,M,80,GPL24676,PR1139_221_b.FPKM,True
GSM7660364,Hunner_Type_Interstitial_Cystitis_Case12_Hunner_Lesion,HIC Hunner lesion,HIC patient 12,Homo sapiens,Bladder,Hunner_Type_Interstitial_Cystitis,Hunner_Lesion,F,62,GPL24676,PR1139_223_b.FPKM,True
GSM7660365,Hunner_Type_Interstitial_Cystitis_Case13_Hunner_Lesion,HIC Hunner lesion,HIC patient 13,Homo sapiens,Bladder,Hunner_Type_Interstitial_Cystitis,Hunner_Lesion,F,79,GPL24676,PR1139_225_b.FPKM,True
GSM7660366,Hunner_Type_Interstitial_Cystitis_Case14_Hunner_Lesion,HIC Hunner lesion,HIC patient 14,Homo sapiens,Bladder,Hunner_Type_Interstitial_Cystitis,Hunner_Lesion,F,72,GPL24676,PR1139_227_b.FPKM,True
GSM7660367,Hunner_Type_Interstitial_Cystitis_Case15_Hunner_Lesion,HIC Hunner lesion,HIC patient 15,Homo sapiens,Bladder,Hunner_Type_Interstitial_Cystitis,Hunner_Lesion,M,78,GPL24676,PR1139_229_b.FPKM,True
GSM7660368,Hunner_Type_Interstitial_Cystitis_Case16_Hunner_Lesion,HIC Hunner lesion,HIC patient 16,Homo sapiens,Bladder,Hunner_Type_Interstitial_Cystitis,Hunner_Lesion,F,80,GPL24676,PR1200_15_b.FPKM,True
GSM7660369,Hunner_Type_Interstitial_Cystitis_Case17_Hunner_Lesion,HIC Hunner lesion,HIC patient 17,Homo sapiens,Bladder,Hunner_Type_Interstitial_Cystitis,Hunner_Lesion,F,80,GPL24676,PR1139_233_b.FPKM,True
GSM7660370,Hunner_Type_Interstitial_Cystitis_Case18_Hunner_Lesion,HIC Hunner lesion,HIC patient 18,Homo sapiens,Bladder,Hunner_Type_Interstitial_Cystitis,Hunner_Lesion,F,67,GPL24676,PR1139_235_b.FPKM,True
GSM7660371,Hunner_Type_Interstitial_Cystitis_Case19_Hunner_Lesion,HIC Hunner lesion,HIC patient 19,Homo sapiens,Bladder,Hunner_Type_Interstitial_Cystitis,Hunner_Lesion,M,76,GPL24676,PR1200_16_b.FPKM,True
GSM7660372,Hunner_Type_Interstitial_Cystitis_Case20_Hunner_Lesion,HIC Hunner lesion,HIC patient 20,Homo sapiens,Bladder,Hunner_Type_Interstitial_Cystitis,Hunner_Lesion,F,58,GPL24676,PR1139_239_b.FPKM,True
GSM7660373,Hunner_Type_Interstitial_Cystitis_Case21_Hunner_Lesion,HIC Hunner lesion,HIC patient 21,Homo sapiens,Bladder,Hunner_Type_Interstitial_Cystitis,Hunner_Lesion,F,69,GPL24676,PR1139_243_b.FPKM,True
GSM7660374,Hunner_Type_Interstitial_Cystitis_Case22_Hunner_Lesion,HIC Hunner lesion,HIC patient 22,Homo sapiens,Bladder,Hunner_Type_Interstitial_Cystitis,Hunner_Lesion,F,69,GPL24676,PR1139_245_b.FPKM,True
GSM7660375,Hunner_Type_Interstitial_Cystitis_Case23_Hunner_Lesion,HIC Hunner lesion,HIC patient 23,Homo sapiens,Bladder,Hunner_Type_Interstitial_Cystitis,Hunner_Lesion,F,55,GPL24676,PR1139_249_b.FPKM,True
GSM7660376,Hunner_Type_Interstitial_Cystitis_Case24_Hunner_Lesion,HIC Hunner lesion,HIC patient 24,Homo sapiens,Bladder,Hunner_Type_Interstitial_Cystitis,Hunner_Lesion,F,37,GPL24676,PR1139_253_b.FPKM,True
GSM7660377,Hunner_Type_Interstitial_Cystitis_Case25_Hunner_Lesion,HIC Hunner lesion,HIC patient 25,Homo sapiens,Bladder,Hunner_Type_Interstitial_Cystitis,Hunner_Lesion,F,51,GPL24676,PR1139_255_b.FPKM,True
GSM7660378,Hunner_Type_Interstitial_Cystitis_Case1_Non_Hunner_Lesion,HIC paired non-lesion,HIC patient 1,Homo sapiens,Bladder,Hunner_Type_Interstitial_Cystitis,Non_Hunner_Lesion,F,78,GPL24676,PR1139_191_b.FPKM,True
GSM7660379,Hunner_Type_Interstitial_Cystitis_Case2_Non_Hunner_Lesion,HIC paired non-lesion,HIC patient 2,Homo sapiens,Bladder,Hunner_Type_Interstitial_Cystitis,Non_Hunner_Lesion,F,64,GPL24676,PR1139_195_b.FPKM,True
GSM7660380,Hunner_Type_Interstitial_Cystitis_Case3_Non_Hunner_Lesion,HIC paired non-lesion,HIC patient 3,Homo sapiens,Bladder,Hunner_Type_Interstitial_Cystitis,Non_Hunner_Lesion,F,67,GPL24676,PR1139_197_b.FPKM,True
GSM7660381,Hunner_Type_Interstitial_Cystitis_Case4_Non_Hunner_Lesion,HIC paired non-lesion,HIC patient 4,Homo sapiens,Bladder,Hunner_Type_Interstitial_Cystitis,Non_Hunner_Lesion,F,77,GPL24676,PR1139_199_b.FPKM,True
GSM7660382,Hunner_Type_Interstitial_Cystitis_Case5_Non_Hunner_Lesion,HIC paired non-lesion,HIC patient 5,Homo sapiens,Bladder,Hunner_Type_Interstitial_Cystitis,Non_Hunner_Lesion,F,74,GPL24676,PR1139_201_b.FPKM,True
GSM7660383,Hunner_Type_Interstitial_Cystitis_Case6_Non_Hunner_Lesion,HIC paired non-lesion,HIC patient 6,Homo sapiens,Bladder,Hunner_Type_Interstitial_Cystitis,Non_Hunner_Lesion,F,51,GPL24676,PR1139_205_b.FPKM,True
GSM7660384,Hunner_Type_Interstitial_Cystitis_Case7_Non_Hunner_Lesion,HIC paired non-lesion,HIC patient 7,Homo sapiens,Bladder,Hunner_Type_Interstitial_Cystitis,Non_Hunner_Lesion,F,63,GPL24676,PR1139_207_b.FPKM,True
GSM7660385,Hunner_Type_Interstitial_Cystitis_Case8_Non_Hunner_Lesion,HIC paired non-lesion,HIC patient 8,Homo sapiens,Bladder,Hunner_Type_Interstitial_Cystitis,Non_Hunner_Lesion,F,58,GPL24676,PR1139_209_b.FPKM,True
GSM7660386,Hunner_Type_Interstitial_Cystitis_Case9_Non_Hunner_Lesion,HIC paired non-lesion,HIC patient 9,Homo sapiens,Bladder,Hunner_Type_Interstitial_Cystitis,Non_Hunner_Lesion,F,47,GPL24676,PR1139_213_b.FPKM,True
GSM7660387,Hunner_Type_Interstitial_Cystitis_Case10_Non_Hunner_Lesion,HIC paired non-lesion,HIC patient 10,Homo sapiens,Bladder,Hunner_Type_Interstitial_Cystitis,Non_Hunner_Lesion,F,59,GPL24676,PR1139_286_b.FPKM,True
GSM7660388,Hunner_Type_Interstitial_Cystitis_Case11_Non_Hunner_Lesion,HIC paired non-lesion,HIC patient 11,Homo sapiens,Bladder,Hunner_Type_Interstitial_Cystitis,Non_Hunner_Lesion,M,80,GPL24676,PR1139_222_b.FPKM,True
GSM7660389,Hunner_Type_Interstitial_Cystitis_Case12_Non_Hunner_Lesion,HIC paired non-lesion,HIC patient 12,Homo sapiens,Bladder,Hunner_Type_Interstitial_Cystitis,Non_Hunner_Lesion,F,62,GPL24676,PR1139_224_b.FPKM,True
GSM7660390,Hunner_Type_Interstitial_Cystitis_Case13_Non_Hunner_Lesion,HIC paired non-lesion,HIC patient 13,Homo sapiens,Bladder,Hunner_Type_Interstitial_Cystitis,Non_Hunner_Lesion,F,79,GPL24676,PR1139_226_b.FPKM,True
GSM7660391,Hunner_Type_Interstitial_Cystitis_Case14_Non_Hunner_Lesion,HIC paired non-lesion,HIC patient 14,Homo sapiens,Bladder,Hunner_Type_Interstitial_Cystitis,Non_Hunner_Lesion,F,72,GPL24676,PR1139_228_b.FPKM,True
GSM7660392,Hunner_Type_Interstitial_Cystitis_Case15_Non_Hunner_Lesion,HIC paired non-lesion,HIC patient 15,Homo sapiens,Bladder,Hunner_Type_Interstitial_Cystitis,Non_Hunner_Lesion,M,78,GPL24676,PR1139_230_b.FPKM,True
GSM7660393,Hunner_Type_Interstitial_Cystitis_Case16_Non_Hunner_Lesion,HIC paired non-lesion,HIC patient 16,Homo sapiens,Bladder,Hunner_Type_Interstitial_Cystitis,Non_Hunner_Lesion,F,80,GPL24676,PR1139_232_b.FPKM,True
GSM7660394,Hunner_Type_Interstitial_Cystitis_Case17_Non_Hunner_Lesion,HIC paired non-lesion,HIC patient 17,Homo sapiens,Bladder,Hunner_Type_Interstitial_Cystitis,Non_Hunner_Lesion,F,80,GPL24676,PR1139_234_b.FPKM,True
GSM7660395,Hunner_Type_Interstitial_Cystitis_Case18_Non_Hunner_Lesion,HIC paired non-lesion,HIC patient 18,Homo sapiens,Bladder,Hunner_Type_Interstitial_Cystitis,Non_Hunner_Lesion,F,67,GPL24676,PR1139_236_b.FPKM,True
GSM7660396,Hunner_Type_Interstitial_Cystitis_Case19_Non_Hunner_Lesion,HIC paired non-lesion,HIC patient 19,Homo sapiens,Bladder,Hunner_Type_Interstitial_Cystitis,Non_Hunner_Lesion,M,76,GPL24676,PR1139_238_b.FPKM,True
GSM7660397,Hunner_Type_Interstitial_Cystitis_Case20_Non_Hunner_Lesion,HIC paired non-lesion,HIC patient 20,Homo sapiens,Bladder,Hunner_Type_Interstitial_Cystitis,Non_Hunner_Lesion,F,58,GPL24676,PR1139_240_b.FPKM,True
GSM7660398,Hunner_Type_Interstitial_Cystitis_Case21_Non_Hunner_Lesion,HIC paired non-lesion,HIC patient 21,Homo sapiens,Bladder,Hunner_Type_Interstitial_Cystitis,Non_Hunner_Lesion,F,69,GPL24676,PR1139_244_b.FPKM,True
GSM7660399,Hunner_Type_Interstitial_Cystitis_Case22_Non_Hunner_Lesion,HIC paired non-lesion,HIC patient 22,Homo sapiens,Bladder,Hunner_Type_Interstitial_Cystitis,Non_Hunner_Lesion,F,69,GPL24676,PR1139_246_b.FPKM,True
GSM7660400,Hunner_Type_Interstitial_Cystitis_Case23_Non_Hunner_Lesion,HIC paired non-lesion,HIC patient 23,Homo sapiens,Bladder,Hunner_Type_Interstitial_Cystitis,Non_Hunner_Lesion,F,55,GPL24676,PR1139_250_b.FPKM,True
GSM7660401,Hunner_Type_Interstitial_Cystitis_Case24_Non_Hunner_Lesion,HIC paired non-lesion,HIC patient 24,Homo sapiens,Bladder,Hunner_Type_Interstitial_Cystitis,Non_Hunner_Lesion,F,37,GPL24676,PR1139_254_b.FPKM,True
GSM7660402,Hunner_Type_Interstitial_Cystitis_Case25_Non_Hunner_Lesion,HIC paired non-lesion,HIC patient 25,Homo sapiens,Bladder,Hunner_Type_Interstitial_Cystitis,Non_Hunner_Lesion,F,51,GPL24676,PR1139_256_b.FPKM,True
GSM7660403,BCG_Cystitis_Case1,BCG cystitis comparator,BCG patient 1,Homo sapiens,Bladder,Mycobacterium bovis bacillus Calmette–Guérin (BCG)-related cystitis,reddened mucosal flat lesion,M,70,GPL24676,PR1139_265_b.FPKM,True
GSM7660404,BCG_Cystitis_Case2,BCG cystitis comparator,BCG patient 2,Homo sapiens,Bladder,Mycobacterium bovis bacillus Calmette–Guérin (BCG)-related cystitis,reddened mucosal flat lesion,M,69,GPL24676,PR1139_270_b.FPKM,True
GSM7660405,BCG_Cystitis_Case3,BCG cystitis comparator,BCG patient 3,Homo sapiens,Bladder,Mycobacterium bovis bacillus Calmette–Guérin (BCG)-related cystitis,reddened mucosal flat lesion,M,78,GPL24676,PR1139_272_b.FPKM,True
GSM7660406,BCG_Cystitis_Case4,BCG cystitis comparator,BCG patient 4,Homo sapiens,Bladder,Mycobacterium bovis bacillus Calmette–Guérin (BCG)-related cystitis,reddened mucosal flat lesion,M,83,GPL24676,PR1139_273_b.FPKM,True
GSM7660407,BCG_Cystitis_Case5,BCG cystitis comparator,BCG patient 5,Homo sapiens,Bladder,Mycobacterium bovis bacillus Calmette–Guérin (BCG)-related cystitis,reddened mucosal flat lesion,M,71,GPL24676,PR1139_274_b.FPKM,True
GSM7660408,BCG_Cystitis_Case6,BCG cystitis comparator,BCG patient 6,Homo sapiens,Bladder,Mycobacterium bovis bacillus Calmette–Guérin (BCG)-related cystitis,reddened mucosal flat lesion,F,69,GPL24676,PR1139_277_b.FPKM,True
GSM7660409,BCG_Cystitis_Case7,BCG cystitis comparator,BCG patient 7,Homo sapiens,Bladder,Mycobacterium bovis bacillus Calmette–Guérin (BCG)-related cystitis,reddened mucosal flat lesion,F,78,GPL24676,PR1139_278_b.FPKM,True
GSM7660410,BCG_Cystitis_Case8,BCG cystitis comparator,BCG patient 8,Homo sapiens,Bladder,Mycobacterium bovis bacillus Calmette–Guérin (BCG)-related cystitis,reddened mucosal flat lesion,F,71,GPL24676,PR1139_279_b.FPKM,True
GSM7660411,BCG_Cystitis_Case9,BCG cystitis comparator,BCG patient 9,Homo sapiens,Bladder,Mycobacterium bovis bacillus Calmette–Guérin (BCG)-related cystitis,reddened mucosal flat lesion,M,64,GPL24676,PR1139_280_b.FPKM,True
GSM7660412,BCG_Cystitis_Case10,BCG cystitis comparator,BCG patient 10,Homo sapiens,Bladder,Mycobacterium bovis bacillus Calmette–Guérin (BCG)-related cystitis,reddened mucosal flat lesion,F,85,GPL24676,PR1139_281_b.FPKM,True
GSM7660413,BCG_Cystitis_Case11,BCG cystitis comparator,BCG patient 11,Homo sapiens,Bladder,Mycobacterium bovis bacillus Calmette–Guérin (BCG)-related cystitis,reddened mucosal flat lesion,F,79,GPL24676,PR1139_282_b.FPKM,True
GSM7660414,BCG_Cystitis_Case12,BCG cystitis comparator,BCG patient 12,Homo sapiens,Bladder,Mycobacterium bovis bacillus Calmette–Guérin (BCG)-related cystitis,reddened mucosal flat lesion,M,71,GPL24676,PR1200_05_b.FPKM,True
GSM7660415,BCG_Cystitis_Case13,BCG cystitis comparator,BCG patient 13,Homo sapiens,Bladder,Mycobacterium bovis bacillus Calmette–Guérin (BCG)-related cystitis,reddened mucosal flat lesion,M,85,GPL24676,PR1200_03_b.FPKM,True
