gene,expected_direction,source
GBP5,up_in_CL_vs_HS,fig1c
GBP1,up_in_CL_vs_HS,fig1c
DHRS9,up_in_CL_vs_HS,fig1c
P2RY14,up_in_CL_vs_HS,fig1c
BATF2,up_in_CL_vs_HS,fig1c
ANKRD22,up_in_CL_vs_HS,fig1c
PLAAT4,up_in_CL_vs_HS,fig1c
STAT1,up_in_CL_vs_HS,fig1c
FCGR1A,up_in_CL_vs_HS,fig1c
PSTPIP2,up_in_CL_vs_HS,fig1c
RAB20,up_in_CL_vs_HS,fig1c
FCGR1CP,up_in_CL_vs_HS,fig1c
APOL1,up_in_CL_vs_HS,fig1c
GBP3,up_in_CL_vs_HS,fig1c
AC239798.2,up_in_CL_vs_HS,fig1c
CD274,up_in_CL_vs_HS,fig1c
CPNE7,up_in_CL_vs_HS,fig1c
ETV7,up_in_CL_vs_HS,fig1c
GBP4,up_in_CL_vs_HS,fig1c
AIM2,up_in_CL_vs_HS,fig1c
FCGR1B,up_in_CL_vs_HS,fig1c
GBP6,up_in_CL_vs_HS,fig1c
IDO1,up_in_CL_vs_HS,fig1c
SECTM1,up_in_CL_vs_HS,fig1c
HIST1H1B,up_in_CL_vs_HS,fig1c
TNFAIP6,up_in_CL_vs_HS,fig1c
GBP1P1,up_in_CL_vs_HS,fig1c
GADD45G,up_in_CL_vs_HS,fig1c
RTP4,up_in_CL_vs_HS,fig1c
ATF3,up_in_CL_vs_HS,fig1c
WARS,up_in_CL_vs_HS,fig1c
EPSTI1,up_in_CL_vs_HS,fig1c
FBXO6,up_in_CL_vs_HS,fig1c
G0S2,up_in_CL_vs_HS,fig1c
IGHG1,up_in_CL_vs_HS,fig1c
SERPING1,up_in_CL_vs_HS,fig1c
SCARF1,up_in_CL_vs_HS,fig1c
GZMH,up_in_CL_vs_HS,fig1c
HIST1H3B,up_in_CL_vs_HS,fig1c
CALHM6,up_in_CL_vs_HS,fig1c
C1QA,up_in_CL_vs_HS,fig1c
CLEC4D,up_in_CL_vs_HS,fig1c
RGS1,up_in_CL_vs_HS,fig1c
GZMB,up_in_CL_vs_HS,fig1c
HIST1H3G,up_in_CL_vs_HS,fig1c
HIST2H3C,up_in_CL_vs_HS,fig1c
SOCS1,up_in_CL_vs_HS,fig1c
PBK,up_in_CL_vs_HS,fig1c
HIST2H3A,up_in_CL_vs_HS,fig1c
CADM1,up_in_CL_vs_HS,fig1c
C1QB,up_in_CL_vs_HS,fig1c
