stringId_A	stringId_B	preferredName_A	preferredName_B	ncbiTaxonId	score	nscore	fscore	pscore	ascore	escore	dscore	tscore
353153.Q4CMU6	353153.Q4CPN3	Q4CMU6_TRYCC	Q4CPN3_TRYCC	353153	0.634	0	0	0	0	0.071	0.094	0.601
353153.Q4CMU6	353153.Q4CPQ3	Q4CMU6_TRYCC	Q4CPQ3_TRYCC	353153	0.634	0	0	0	0	0.071	0.094	0.601
353153.Q4CMU6	353153.Q4DHU0	Q4CMU6_TRYCC	Q4DHU0_TRYCC	353153	0.687	0	0	0	0.047	0	0.213	0.617
353153.Q4CMU6	353153.Q4D030	Q4CMU6_TRYCC	Q4D030_TRYCC	353153	0.687	0	0	0	0.047	0	0.213	0.617
353153.Q4CMU6	353153.Q4CPZ0	Q4CMU6_TRYCC	Q4CPZ0_TRYCC	353153	0.779	0	0	0	0.052	0	0	0.776
353153.Q4CMU6	353153.Q4DDX3	Q4CMU6_TRYCC	Q4DDX3_TRYCC	353153	0.779	0	0	0	0.052	0	0	0.776
353153.Q4CMU6	353153.Q4DH32	Q4CMU6_TRYCC	Q4DH32_TRYCC	353153	0.811	0.12	0	0	0	0	0	0.795
353153.Q4CMU6	353153.Q4DY71	Q4CMU6_TRYCC	Q4DY71_TRYCC	353153	0.811	0.12	0	0	0	0	0	0.795
353153.Q4CMU6	353153.Q4D6H1	Q4CMU6_TRYCC	Q4D6H1_TRYCC	353153	0.867	0	0	0	0	0	0	0.867
353153.Q4CMU6	353153.Q4CW30	Q4CMU6_TRYCC	Q4CW30_TRYCC	353153	0.867	0	0	0	0	0	0	0.867
353153.Q4CPN3	353153.Q4D030	Q4CPN3_TRYCC	Q4D030_TRYCC	353153	0.631	0	0	0	0.047	0	0.1	0.605
353153.Q4CPN3	353153.Q4DHU0	Q4CPN3_TRYCC	Q4DHU0_TRYCC	353153	0.631	0	0	0	0.047	0	0.1	0.605
353153.Q4CPN3	353153.Q4DDX3	Q4CPN3_TRYCC	Q4DDX3_TRYCC	353153	0.794	0	0	0	0	0.048	0	0.793
353153.Q4CPN3	353153.Q4CPZ0	Q4CPN3_TRYCC	Q4CPZ0_TRYCC	353153	0.794	0	0	0	0	0.048	0	0.793
353153.Q4CPQ3	353153.Q4D030	Q4CPQ3_TRYCC	Q4D030_TRYCC	353153	0.631	0	0	0	0.047	0	0.1	0.605
353153.Q4CPQ3	353153.Q4DHU0	Q4CPQ3_TRYCC	Q4DHU0_TRYCC	353153	0.631	0	0	0	0.047	0	0.1	0.605
353153.Q4CPQ3	353153.Q4DDX3	Q4CPQ3_TRYCC	Q4DDX3_TRYCC	353153	0.794	0	0	0	0	0.048	0	0.793
353153.Q4CPQ3	353153.Q4CPZ0	Q4CPQ3_TRYCC	Q4CPZ0_TRYCC	353153	0.794	0	0	0	0	0.048	0	0.793
353153.Q4CPZ0	353153.Q4DHU0	Q4CPZ0_TRYCC	Q4DHU0_TRYCC	353153	0.892	0	0	0	0.074	0	0	0.889
353153.Q4CPZ0	353153.Q4D030	Q4CPZ0_TRYCC	Q4D030_TRYCC	353153	0.892	0	0	0	0.074	0	0	0.889
353153.Q4CPZ0	353153.Q4DDX3	Q4CPZ0_TRYCC	Q4DDX3_TRYCC	353153	0.9	0	0	0.047	0	0	0.9	0
353153.Q4CW30	353153.Q4D6H1	Q4CW30_TRYCC	Q4D6H1_TRYCC	353153	0.9	0	0	0.047	0	0	0.9	0
353153.Q4D030	353153.Q4DDX3	Q4D030_TRYCC	Q4DDX3_TRYCC	353153	0.885	0	0	0	0.074	0	0	0.881
353153.Q4DDX3	353153.Q4DHU0	Q4DDX3_TRYCC	Q4DHU0_TRYCC	353153	0.885	0	0	0	0.074	0	0	0.881
