label,n_targets_mapped,frac_DE,null_mean,p,mirna,candidate_fdr,fdr
miR-182-5p|blood_GSE244827,178,0.0056179775280898875,0.0048151685393258425,0.5749425057494251,miR-182-5p,4.010550180455219e-08,0.6764029479405
miR-182-5p|hipsc_GSE203525,179,0.20670391061452514,0.12000279329608939,0.00029997000299970003,miR-182-5p,4.010550180455219e-08,0.000666600006666
miR-1-3p|blood_GSE244827,886,0.05417607223476298,0.024732618510158014,9.999000099990002e-05,miR-1-3p,2.217043048126053e-05,0.00024997500249975
miR-1-3p|hipsc_GSE203525,916,0.2827510917030568,0.0678306768558952,9.999000099990002e-05,miR-1-3p,2.217043048126053e-05,0.00024997500249975
miR-206|blood_GSE244827,117,0.008547008547008548,0.004802564102564103,0.4313568643135686,miR-206,2.929678229552492e-05,0.522856805228568
miR-206|hipsc_GSE203525,122,0.14754098360655737,0.12015573770491804,0.2121787821217878,miR-206,2.929678229552492e-05,0.2829050428290504
miR-30c-5p|blood_GSE244827,506,0.04743083003952569,0.024810276679841894,0.0024997500249975004,miR-30c-5p,8.542936724867656e-05,0.004726800047268
miR-30c-5p|hipsc_GSE203525,520,0.25961538461538464,0.06787903846153846,9.999000099990002e-05,miR-30c-5p,8.542936724867656e-05,0.00024997500249975
miR-1294|blood_GSE244827,110,0.01818181818181818,0.02463545454545455,0.7578242175782421,miR-1294,0.0001664851942711,0.823485219045663
miR-1294|hipsc_GSE203525,113,0.2831858407079646,0.06806725663716814,9.999000099990002e-05,miR-1294,0.0001664851942711,0.00024997500249975
miR-125b-5p|blood_GSE244827,412,0.03398058252427184,0.024777184466019408,0.1451854814518548,miR-125b-5p,0.0002160827415528,0.20025583648531697
miR-125b-5p|hipsc_GSE203525,430,0.22325581395348837,0.06779883720930233,9.999000099990002e-05,miR-125b-5p,0.0002160827415528,0.00024997500249975
miR-125a-5p|blood_GSE244827,256,0.015625,0.0047203125,0.03189681031896811,miR-125a-5p,0.0002641255483399,0.05103489651034897
miR-125a-5p|hipsc_GSE203525,269,0.1895910780669145,0.12036617100371748,0.0008999100089991,miR-125a-5p,0.0002641255483399,0.0018945473873665263
miR-374b-5p|blood_GSE244827,227,0.004405286343612335,0.004703524229074891,0.661033896610339,miR-374b-5p,0.0002727913679147,0.755467310411816
miR-374b-5p|hipsc_GSE203525,234,0.1581196581196581,0.12046495726495728,0.0466953304669533,miR-374b-5p,0.0002727913679147,0.07183896994915892
miR-199b-5p|blood_GSE244827,109,0.01834862385321101,0.0047036697247706425,0.09569043095690431,miR-199b-5p,0.0011034469894809,0.13670061565272046
miR-199b-5p|hipsc_GSE203525,110,0.21818181818181817,0.11996636363636362,0.0025997400259974,miR-199b-5p,0.0011034469894809,0.004726800047268
miR-145-5p|blood_GSE244827,230,0.05652173913043478,0.024831739130434783,0.005599440055994401,miR-145-5p,0.0053442892145197,0.009738156619120697
miR-145-5p|hipsc_GSE203525,238,0.2647058823529412,0.0673983193277311,9.999000099990002e-05,miR-145-5p,0.0053442892145197,0.00024997500249975
miR-20a-3p|blood_GSE244827,86,0.0,0.004761627906976745,1.0,miR-20a-3p,0.00702863562332,1.0
miR-20a-3p|hipsc_GSE203525,92,0.2391304347826087,0.1206554347826087,0.0017998200179982,miR-20a-3p,0.00702863562332,0.0035996400359964
miR-769-5p|blood_GSE244827,219,0.0,0.004696803652968036,1.0,miR-769-5p,0.0087518923612315,1.0
miR-769-5p|hipsc_GSE203525,228,0.24561403508771928,0.12032412280701753,9.999000099990002e-05,miR-769-5p,0.0087518923612315,0.00024997500249975
miR-1285-3p|blood_GSE244827,249,0.040160642570281124,0.024685542168674697,0.0917908209179082,miR-1285-3p,0.0090588702871806,0.135986401359864
miR-1285-3p|hipsc_GSE203525,257,0.21011673151750973,0.06783035019455252,9.999000099990002e-05,miR-1285-3p,0.0090588702871806,0.00024997500249975
miR-192-5p|blood_GSE244827,958,0.09603340292275574,0.024712004175365343,9.999000099990002e-05,miR-192-5p,0.0109730111067142,0.00024997500249975
miR-192-5p|hipsc_GSE203525,988,0.1882591093117409,0.06781325910931174,9.999000099990002e-05,miR-192-5p,0.0109730111067142,0.00024997500249975
miR-122-5p|blood_GSE244827,591,0.050761421319796954,0.024654483925549916,9.999000099990002e-05,miR-122-5p,0.0162432553609499,0.00024997500249975
miR-122-5p|hipsc_GSE203525,610,0.23114754098360657,0.06803213114754099,9.999000099990002e-05,miR-122-5p,0.0162432553609499,0.00024997500249975
miR-223-5p|blood_GSE244827,272,0.0,0.004745588235294119,1.0,miR-223-5p,0.0183887903427469,1.0
miR-223-5p|hipsc_GSE203525,283,0.21908127208480566,0.12039116607773852,9.999000099990002e-05,miR-223-5p,0.0183887903427469,0.00024997500249975
miR-651-5p|blood_GSE244827,57,0.017543859649122806,0.024794736842105262,0.7617238276172382,miR-651-5p,0.0206040622489887,0.823485219045663
miR-651-5p|hipsc_GSE203525,65,0.26153846153846155,0.06772769230769231,9.999000099990002e-05,miR-651-5p,0.0206040622489887,0.00024997500249975
miR-194-5p|blood_GSE244827,88,0.06818181818181818,0.024628409090909086,0.022497750224977502,miR-194-5p,0.0327643734698148,0.03749625037496251
miR-194-5p|hipsc_GSE203525,93,0.2903225806451613,0.06766559139784946,9.999000099990002e-05,miR-194-5p,0.0327643734698148,0.00024997500249975
miR-375-3p|blood_GSE244827,463,0.0064794816414686825,0.00473023758099352,0.3711628837116288,miR-375-3p,0.0455019313463414,0.463953604639536
miR-375-3p|hipsc_GSE203525,472,0.2097457627118644,0.12050042372881355,9.999000099990002e-05,miR-375-3p,0.0455019313463414,0.00024997500249975
miR-1301-3p|blood_GSE244827,190,0.010526315789473684,0.004807368421052631,0.22997700229977003,miR-1301-3p,0.0458482471445213,0.2967445190964775
miR-1301-3p|hipsc_GSE203525,197,0.20304568527918782,0.12019086294416242,0.00019998000199980003,miR-1301-3p,0.0458482471445213,0.00047054118117600003
