mirna,p,fdr,d_sev_mild,med_control,med_mild,med_moderate,med_severe,class
hsa-miR-223-3p,6.916493173129766e-11,2.7109921658992887e-08,-0.5234198148195723,8.7228323309829,11.577234739257008,11.40482299729139,11.053814924437436,REPLICATION
hsa-miR-182-5p,1.219012212904322e-10,4.010550180455219e-08,-0.6661108829416165,5.77628117793955,8.059645538299558,7.920440077539907,7.393534655357941,CANDIDATE
hsa-miR-1-3p,2.0216198007228448e-07,2.217043048126053e-05,0.5680151470313541,4.437261316893432,6.925562028968331,6.853938660668836,7.493577175999685,CANDIDATE
hsa-miR-206,3.00536900448014e-07,2.9296782295524918e-05,-1.3526782467919087,5.083388639350252,7.740979870917789,6.774220336633633,6.38830162412588,CANDIDATE
hsa-miR-30c-5p,1.1035708535163385e-06,8.542936724867656e-05,1.764106088964152,0.0,2.383127350805228,4.210892499248179,4.14723343976938,CANDIDATE
hsa-miR-1294,2.614975050017304e-06,0.00016648519427118797,0.6461176212157733,7.007035320898943,5.269653604506746,5.450724885965604,5.915771225722519,CANDIDATE
hsa-miR-125b-5p,3.6123254666889956e-06,0.00021608274155285082,0.6087724857565258,0.0,4.637750845494288,4.796840980066241,5.246523331250814,CANDIDATE
hsa-miR-125a-5p,4.716527648927055e-06,0.00026412554833991507,-0.5999413388240349,4.294771384817297,6.467676871556295,5.692408835697445,5.86773553273226,CANDIDATE
hsa-miR-374b-5p,4.974918563795545e-06,0.00027279136791478906,-1.1555326746112522,0.0,4.3519564149652075,4.1162321674281435,3.1964237403539553,CANDIDATE
hsa-miR-199b-5p,2.473532385234665e-05,0.0011034469894809556,-1.6328985519957686,0.0,3.4011146406300967,3.1971109939054143,1.768216088634328,CANDIDATE
hsa-miR-145-5p,0.00013604383638785085,0.005344289214519753,1.6844597042205502,0.0,0.0,2.6882913892806264,1.6844597042205502,CANDIDATE
hsa-miR-20a-3p,0.000191009830370513,0.007028635623320054,-0.5890741854190731,0.0,2.3656884705855408,3.4531824738635484,1.7766142851664677,CANDIDATE
hsa-miR-769-5p,0.0002460638429829538,0.008751892361231545,-1.5003450138119563,0.0,4.854517788826776,3.1827705439767198,3.3541727750148196,CANDIDATE
hsa-miR-1285-3p,0.00025813650134443305,0.009058870287180637,3.8191663563054914,4.227046216822089,0.0,2.8836527402832104,3.8191663563054914,CANDIDATE
hsa-miR-192-5p,0.0003359473611161235,0.010973011106714222,0.8662484455713093,3.9765287650701318,4.817055312933199,5.021004452401134,5.6833037585045085,CANDIDATE
hsa-miR-122-5p,0.0005122303172336051,0.016243255360949983,0.6055322388967017,14.747873926461288,15.360233881685742,15.213783682598235,15.965766120582444,CANDIDATE
hsa-miR-223-5p,0.0005879380656655971,0.018388790342746906,-0.615168730891126,8.05685381365807,9.44195601347454,8.893322286990783,8.826787282583414,CANDIDATE
hsa-miR-651-5p,0.0006810613281390664,0.02060406224898877,0.5955730169435425,5.309121388095884,3.9722600652878493,4.210892499248179,4.567833082231392,CANDIDATE
hsa-miR-194-5p,0.0011577077251872275,0.032764373469814874,0.9864553835272094,4.112985100856154,4.790146459898693,5.328748874031425,5.776601843425903,CANDIDATE
hsa-miR-375-3p,0.001746084751512341,0.0455019313463414,-0.6375966693848847,6.856201168695381,8.24306901815879,7.681868069291668,7.6054723487739055,CANDIDATE
hsa-miR-1301-3p,0.0017767937723180752,0.04584824714452131,-1.4934339138638375,2.3513285894271454,5.3020688662708855,4.148296221518297,3.808634952407048,CANDIDATE
