accession,primary_url,title,decision,reason
GSE335141,https://www.ncbi.nlm.nih.gov/geo/query/acc.cgi?acc=GSE335141,Genome-wide DNA Methylation Profiling in Postpartum Depression: A Longitudinal Whole-Blood Study,source-audited and T0 screened,"82 specimens from 41 mothers; no FDR-positive probes; not expression-model validation"
GSE290313,https://www.ncbi.nlm.nih.gov/geo/query/acc.cgi?acc=GSE290313,Differentially expressed transcripts associated with depressive symptoms during pregnancy and postpartum,source-audited with unresolved patient mapping,"119 verified expression libraries but DE prefix collisions; patient independence unknown"
GSE44132,https://www.ncbi.nlm.nih.gov/geo/query/acc.cgi?acc=GSE44132,Antenatal Blood DNA Methylation Profiles,source-audited and antenatal screen,"55 specimens from 51 people; technical repeats; no FDR-positive probes"
GSE45603,https://www.ncbi.nlm.nih.gov/geo/query/acc.cgi?acc=GSE45603,Gene Expression Profiles Predict Postpartum-onset Depression,existing expression-used study,"48 individually source-verified postpartum expression samples"
GSE284329,https://www.ncbi.nlm.nih.gov/geo/query/acc.cgi?acc=GSE284329,Multi-Omics Profiling Reveals Distinct Lipidomic and Transcriptomic Alterations in Gestational Diabetes Mellitus Preeclampsia and Coexistence,exclude,"maternal disease but not postpartum-depression case-control cohort"
GSE98203,https://www.ncbi.nlm.nih.gov/geo/query/acc.cgi?acc=GSE98203,DNA methylation profiling of human prefrontal cortex neurons in heroin users,exclude,"postmortem heroin use and suicide; PPD mention is incidental"
GSE188845,https://www.ncbi.nlm.nih.gov/geo/query/acc.cgi?acc=GSE188845,Impact of fluoxetine treatment and folic acid supplementation on the mammary gland transcriptome during peak lactation,exclude,"mouse lactation/drug perturbation, not human PPD case-control"
GSE70732,https://www.ncbi.nlm.nih.gov/geo/query/acc.cgi?acc=GSE70732,A comprehensive examination of dynamic gene expression changes in the mouse brain during pregnancy and the postpartum period,exclude,"mouse maternal brain, not PPD patient data"
GSE54426,https://www.ncbi.nlm.nih.gov/geo/query/acc.cgi?acc=GSE54426,Medial prefrontal cortex genes linked to bipolar disorder and schizophrenia,exclude,"mouse maternal phenotype, not human PPD patient data"
