prefix,n_libraries,n_cases,n_controls,discordant_case_control,gsms,full_library_tokens,interpretation
DE02,1,0,1,False,GSM8810492,DE02NGSUKBR129341,alias prefix only; not a validated donor key
DE03,2,1,1,True,GSM8810452;GSM8810526,DE03NGSUKBR129226;DE03NGSUKBR129323,alias prefix only; not a validated donor key
DE04,1,0,1,False,GSM8810546,DE04NGSUKBR129402,alias prefix only; not a validated donor key
DE05,1,0,1,False,GSM8810544,DE05NGSUKBR129384,alias prefix only; not a validated donor key
DE06,1,0,1,False,GSM8810514,DE06NGSUKBR129366,alias prefix only; not a validated donor key
DE07,1,0,1,False,GSM8810570,DE07NGSUKBR129348,alias prefix only; not a validated donor key
DE08,2,1,1,True,GSM8810461;GSM8810538,DE08NGSUKBR129233;DE08NGSUKBR129427,alias prefix only; not a validated donor key
DE09,2,0,2,False,GSM8810496;GSM8810542,DE09NGSUKBR129312;DE09NGSUKBR129409,alias prefix only; not a validated donor key
DE10,1,0,1,False,GSM8810475,DE10NGSUKBR129294,alias prefix only; not a validated donor key
DE11,2,0,2,False,GSM8810476;GSM8810566,DE11NGSUKBR129276;DE11NGSUKBR129373,alias prefix only; not a validated donor key
DE12,1,1,0,False,GSM8810579,DE12NGSUKBR129355,alias prefix only; not a validated donor key
DE13,2,0,2,False,GSM8810443;GSM8810583,DE13NGSUKBR129240;DE13NGSUKBR129143,alias prefix only; not a validated donor key
DE14,2,0,2,False,GSM8810497;GSM8810525,DE14NGSUKBR129319;DE14NGSUKBR129416,alias prefix only; not a validated donor key
DE15,2,1,1,True,GSM8810484;GSM8810486,DE15NGSUKBR129301;DE15NGSUKBR129204,alias prefix only; not a validated donor key
DE16,2,0,2,False,GSM8810460;GSM8810532,DE16NGSUKBR129186;DE16NGSUKBR129283,alias prefix only; not a validated donor key
DE17,2,0,2,False,GSM8810458;GSM8810596,DE17NGSUKBR129265;DE17NGSUKBR129362,alias prefix only; not a validated donor key
DE18,1,0,1,False,GSM8810545,DE18NGSUKBR129344,alias prefix only; not a validated donor key
DE19,1,1,0,False,GSM8810521,DE19NGSUKBR129326,alias prefix only; not a validated donor key
DE20,2,0,2,False,GSM8810555;GSM8810559,DE20NGSUKBR129405;DE20NGSUKBR129308,alias prefix only; not a validated donor key
DE21,2,1,1,True,GSM8810442;GSM8810586,DE21NGSUKBR129193;DE21NGSUKBR129096,alias prefix only; not a validated donor key
DE22,1,0,1,False,GSM8810588,DE22NGSUKBR129175,alias prefix only; not a validated donor key
DE23,1,1,0,False,GSM8810501,DE23NGSUKBR129351,alias prefix only; not a validated donor key
DE24,1,1,0,False,GSM8810482,DE24NGSUKBR129236,alias prefix only; not a validated donor key
DE25,1,0,1,False,GSM8810547,DE25NGSUKBR129315,alias prefix only; not a validated donor key
DE26,2,2,0,False,GSM8810527;GSM8810568,DE26NGSUKBR129394;DE26NGSUKBR129103,alias prefix only; not a validated donor key
DE30,3,1,2,True,GSM8810533;GSM8810574;GSM8810599,DE30NGSUKBR129128;DE30NGSUKBR129419;DE30NGSUKBR129322,alias prefix only; not a validated donor key
DE32,1,0,1,False,GSM8810464,DE32NGSUKBR129286,alias prefix only; not a validated donor key
DE33,1,0,1,False,GSM8810466,DE33NGSUKBR129268,alias prefix only; not a validated donor key
DE34,1,1,0,False,GSM8810577,DE34NGSUKBR129347,alias prefix only; not a validated donor key
DE35,2,1,1,True,GSM8810565;GSM8810584,DE35NGSUKBR129232;DE35NGSUKBR129135,alias prefix only; not a validated donor key
DE36,2,0,2,False,GSM8810506;GSM8810531,DE36NGSUKBR129311;DE36NGSUKBR129408,alias prefix only; not a validated donor key
DE37,2,1,1,True,GSM8810472;GSM8810488,DE37NGSUKBR129293;DE37NGSUKBR129196,alias prefix only; not a validated donor key
DE38,1,1,0,False,GSM8810562,DE38NGSUKBR129372,alias prefix only; not a validated donor key
DE40,1,0,1,False,GSM8810502,DE40NGSUKBR129336,alias prefix only; not a validated donor key
DE41,1,0,1,False,GSM8810510,DE41NGSUKBR129318,alias prefix only; not a validated donor key
DE42,2,2,0,False,GSM8810449;GSM8810576,DE42NGSUKBR129203;DE42NGSUKBR129300,alias prefix only; not a validated donor key
DE43,2,1,1,True,GSM8810563;GSM8810587,DE43NGSUKBR129379;DE43NGSUKBR129088,alias prefix only; not a validated donor key
DE44,1,0,1,False,GSM8810589,DE44NGSUKBR129167,alias prefix only; not a validated donor key
DE46,2,1,1,True,GSM8810470;GSM8810487,DE46NGSUKBR129325;DE46NGSUKBR129228,alias prefix only; not a validated donor key
DE47,2,1,1,True,GSM8810463;GSM8810541,DE47NGSUKBR129210;DE47NGSUKBR129307,alias prefix only; not a validated donor key
DE50,1,1,0,False,GSM8810520,DE50NGSUKBR129350,alias prefix only; not a validated donor key
DE52,2,0,2,False,GSM8810550;GSM8810593,DE52NGSUKBR129411;DE52NGSUKBR129120,alias prefix only; not a validated donor key
DE53,1,0,1,False,GSM8810548,DE53NGSUKBR129393,alias prefix only; not a validated donor key
DE54,1,0,1,False,GSM8810465,DE54NGSUKBR129278,alias prefix only; not a validated donor key
DE55,2,0,2,False,GSM8810473;GSM8810477,DE55NGSUKBR129260;DE55NGSUKBR129357,alias prefix only; not a validated donor key
DE56,1,0,1,False,GSM8810528,DE56NGSUKBR129339,alias prefix only; not a validated donor key
DE57,2,0,2,False,GSM8810518;GSM8810582,DE57NGSUKBR129224;DE57NGSUKBR129127,alias prefix only; not a validated donor key
DE58,1,0,1,False,GSM8810578,DE58NGSUKBR129400,alias prefix only; not a validated donor key
DE59,1,1,0,False,GSM8810494,DE59NGSUKBR129188,alias prefix only; not a validated donor key
DE60,1,1,0,False,GSM8810569,DE60NGSUKBR129364,alias prefix only; not a validated donor key
DE62,2,0,2,False,GSM8810504;GSM8810534,DE62NGSUKBR129328;DE62NGSUKBR129425,alias prefix only; not a validated donor key
DE63,1,1,0,False,GSM8810515,DE63NGSUKBR129310,alias prefix only; not a validated donor key
DE64,1,1,0,False,GSM8810445,DE64NGSUKBR129195,alias prefix only; not a validated donor key
DE65,1,0,1,False,GSM8810572,DE65NGSUKBR129371,alias prefix only; not a validated donor key
DE66,2,0,2,False,GSM8810440;GSM8810590,DE66NGSUKBR129256;DE66NGSUKBR129159,alias prefix only; not a validated donor key
DE67,1,0,1,False,GSM8810512,DE67NGSUKBR129335,alias prefix only; not a validated donor key
DE68,1,0,1,False,GSM8810483,DE68NGSUKBR129220,alias prefix only; not a validated donor key
DE69,3,2,1,True,GSM8810455;GSM8810529;GSM8810535,DE69NGSUKBR129202;DE69NGSUKBR129299;DE69NGSUKBR129396,alias prefix only; not a validated donor key
DE70,1,0,1,False,GSM8810540,DE70NGSUKBR129378,alias prefix only; not a validated donor key
DE71,2,0,2,False,GSM8810519;GSM8810598,DE71NGSUKBR129263;DE71NGSUKBR129360,alias prefix only; not a validated donor key
DE72,1,0,1,False,GSM8810505,DE72NGSUKBR129342,alias prefix only; not a validated donor key
DE73,2,1,1,True,GSM8810447;GSM8810558,DE73NGSUKBR129227;DE73NGSUKBR129324,alias prefix only; not a validated donor key
DE74,1,0,1,False,GSM8810591,DE74NGSUKBR129112,alias prefix only; not a validated donor key
DE77,2,1,1,True,GSM8810479;GSM8810481,DE77NGSUKBR129349;DE77NGSUKBR129252,alias prefix only; not a validated donor key
DE78,3,1,2,True,GSM8810456;GSM8810523;GSM8810551,DE78NGSUKBR129234;DE78NGSUKBR129331;DE78NGSUKBR129428,alias prefix only; not a validated donor key
DE82,2,2,0,False,GSM8810490;GSM8810575,DE82NGSUKBR129259;DE82NGSUKBR129356,alias prefix only; not a validated donor key
DE83,1,0,1,False,GSM8810467,DE83NGSUKBR129241,alias prefix only; not a validated donor key
DE84,1,0,1,False,GSM8810499,DE84NGSUKBR129320,alias prefix only; not a validated donor key
DE85,1,0,1,False,GSM8810474,DE85NGSUKBR129302,alias prefix only; not a validated donor key
DE87,1,1,0,False,GSM8810573,DE87NGSUKBR129363,alias prefix only; not a validated donor key
DE88,2,0,2,False,GSM8810439;GSM8810585,DE88NGSUKBR129248;DE88NGSUKBR129151,alias prefix only; not a validated donor key
DE89,2,0,2,False,GSM8810500;GSM8810549,DE89NGSUKBR129327;DE89NGSUKBR129424,alias prefix only; not a validated donor key
DE91,1,1,0,False,GSM8810522,DE91NGSUKBR129291,alias prefix only; not a validated donor key
DE92,1,0,1,False,GSM8810592,DE92NGSUKBR129370,alias prefix only; not a validated donor key
DE93,1,0,1,False,GSM8810530,DE93NGSUKBR129352,alias prefix only; not a validated donor key
DE94,1,0,1,False,GSM8810539,DE94NGSUKBR129140,alias prefix only; not a validated donor key
DE95,1,0,1,False,GSM8810561,DE95NGSUKBR129316,alias prefix only; not a validated donor key
DE96,3,1,2,True,GSM8810462;GSM8810580;GSM8810602,DE96NGSUKBR129201;DE96NGSUKBR129395;DE96NGSUKBR129298,alias prefix only; not a validated donor key
DE97,2,0,2,False,GSM8810507;GSM8810536,DE97NGSUKBR129280;DE97NGSUKBR129377,alias prefix only; not a validated donor key
DE98,1,0,1,False,GSM8810508,DE98NGSUKBR129359,alias prefix only; not a validated donor key
