accession,series,column,title,stage,serostatus,sex,sha256,url
GSM7830424,GSE244827,B052,"Whole blood, Female, non-CARD_Positive_1",cardiac stage: non-CARD,chagas serostatus: Positive,Sex: Female,50776708cb2712221371349415d823e5ab20012fd190883ee25b892dd1465553,https://www.ncbi.nlm.nih.gov/geo/query/acc.cgi?acc=GSM7830424&targ=self&form=text&view=full
GSM7830425,GSE244827,B083,"Whole blood, Female, non-CARD_Negative_1",cardiac stage: non-CARD,chagas serostatus: Negative,Sex: Female,e55700223f1a07b279658df11ac2a437299af61ab16079ce728a1c8ed3e3feee,https://www.ncbi.nlm.nih.gov/geo/query/acc.cgi?acc=GSM7830425&targ=self&form=text&view=full
GSM7830426,GSE244827,B087,"Whole blood, Male, non-CARD_Negative_1",cardiac stage: non-CARD,chagas serostatus: Negative,Sex: Male,2ec3bb5526f3289266850620ef73a6b509110be354a08757b8f4177d8361a1f8,https://www.ncbi.nlm.nih.gov/geo/query/acc.cgi?acc=GSM7830426&targ=self&form=text&view=full
GSM7830427,GSE244827,B097,"Whole blood, Male, CARD_Negative_1",cardiac stage: CARD,chagas serostatus: Negative,Sex: Male,ec75403a49785cd1f069f37e1599fe678bea988fd08d2d95664d3e3653bb451a,https://www.ncbi.nlm.nih.gov/geo/query/acc.cgi?acc=GSM7830427&targ=self&form=text&view=full
GSM7830428,GSE244827,B100,"Whole blood, Female, non-CARD_Negative_2",cardiac stage: non-CARD,chagas serostatus: Negative,Sex: Female,9477220c841391e484941540c4b053e127d3050f1b4322c336b7fb3db0110106,https://www.ncbi.nlm.nih.gov/geo/query/acc.cgi?acc=GSM7830428&targ=self&form=text&view=full
GSM7830429,GSE244827,B118,"Whole blood, Female, CARD_Negative_1",cardiac stage: CARD,chagas serostatus: Negative,Sex: Female,372c9c219f2d3f1057f9ec32bf41596d162dd5dbd5c24b52696db97b9ccb59c4,https://www.ncbi.nlm.nih.gov/geo/query/acc.cgi?acc=GSM7830429&targ=self&form=text&view=full
GSM7830430,GSE244827,B146,"Whole blood, Male, CARD_Negative_2",cardiac stage: CARD,chagas serostatus: Negative,Sex: Male,c623967896ad406a5434f2a52d2066368500b98f692440a8b583e5ccf23658d4,https://www.ncbi.nlm.nih.gov/geo/query/acc.cgi?acc=GSM7830430&targ=self&form=text&view=full
GSM7830431,GSE244827,B160,"Whole blood, Female, non-CARD_Negative_3",cardiac stage: non-CARD,chagas serostatus: Negative,Sex: Female,ff840d643bebd14bb76180b91aec58ea3ad56dc63902ede606542a6389b4406a,https://www.ncbi.nlm.nih.gov/geo/query/acc.cgi?acc=GSM7830431&targ=self&form=text&view=full
GSM7830432,GSE244827,B180,"Whole blood, Male, CARD_Positive_1",cardiac stage: CARD,chagas serostatus: Positive,Sex: Male,494541a3df5acedda80ebfa1e731a370ba74d04911795829dc42096ee9bd5894,https://www.ncbi.nlm.nih.gov/geo/query/acc.cgi?acc=GSM7830432&targ=self&form=text&view=full
GSM7830433,GSE244827,B182,"Whole blood, Female, non-CARD_Negative_4",cardiac stage: non-CARD,chagas serostatus: Negative,Sex: Female,ad581e582c7f09643590c91838f744fa33ee1a71ae7cc8bf0d86c1d530412a07,https://www.ncbi.nlm.nih.gov/geo/query/acc.cgi?acc=GSM7830433&targ=self&form=text&view=full
GSM7830434,GSE244827,B189,"Whole blood, Female, CARD_Positive_1",cardiac stage: CARD,chagas serostatus: Positive,Sex: Female,73b19a0603f84a3ff34fc2dcca7dba1ee911276979cc6edefca2c7bc8b80edd5,https://www.ncbi.nlm.nih.gov/geo/query/acc.cgi?acc=GSM7830434&targ=self&form=text&view=full
GSM7830435,GSE244827,B200,"Whole blood, Female, non-CARD_Negative_5",cardiac stage: non-CARD,chagas serostatus: Negative,Sex: Female,346a978cfb638162517d72324c2d1e6e2d92749845a04c84ef52ebf20bbfef15,https://www.ncbi.nlm.nih.gov/geo/query/acc.cgi?acc=GSM7830435&targ=self&form=text&view=full
GSM7830436,GSE244827,B207,"Whole blood, Male, non-CARD_Positive_1",cardiac stage: non-CARD,chagas serostatus: Positive,Sex: Male,35b366e77840751fae87de324f20706eb0dce18a05e12a9c9f1a82725fc1322f,https://www.ncbi.nlm.nih.gov/geo/query/acc.cgi?acc=GSM7830436&targ=self&form=text&view=full
GSM7830437,GSE244827,B209,"Whole blood, Female, non-CARD_Positive_2",cardiac stage: non-CARD,chagas serostatus: Positive,Sex: Female,05e7b6ea7000c49c3d80875e6fe7a417cfcc44ff6e9552a7417855b1a884e280,https://www.ncbi.nlm.nih.gov/geo/query/acc.cgi?acc=GSM7830437&targ=self&form=text&view=full
GSM7830438,GSE244827,B213,"Whole blood, Female, CARD_Negative_2",cardiac stage: CARD,chagas serostatus: Negative,Sex: Female,8f5fe1b720b62a5e78c822812b288c5fa0f8802e246b36941455119fc11ea0fb,https://www.ncbi.nlm.nih.gov/geo/query/acc.cgi?acc=GSM7830438&targ=self&form=text&view=full
GSM7830439,GSE244827,B284,"Whole blood, Male, CARD_Negative_3",cardiac stage: CARD,chagas serostatus: Negative,Sex: Male,ee24dcd8301045a056c7c7c59054871b59c1692a626c60945f835e01938424d7,https://www.ncbi.nlm.nih.gov/geo/query/acc.cgi?acc=GSM7830439&targ=self&form=text&view=full
GSM7830440,GSE244827,B339,"Whole blood, Female, CARD_Negative_3",cardiac stage: CARD,chagas serostatus: Negative,Sex: Female,33381ec2a315829dc4ad3238816371212b6ea3309173e4c90697eae23a899480,https://www.ncbi.nlm.nih.gov/geo/query/acc.cgi?acc=GSM7830440&targ=self&form=text&view=full
GSM7830441,GSE244827,B340,"Whole blood, Male, CARD_Positive_2",cardiac stage: CARD,chagas serostatus: Positive,Sex: Male,4cfb3b3707d62485d7c068b8812d4ea5b69f1996268777f1223bd58082fdfcc4,https://www.ncbi.nlm.nih.gov/geo/query/acc.cgi?acc=GSM7830441&targ=self&form=text&view=full
GSM7830442,GSE244827,B383,"Whole blood, Female, non-CARD_Positive_3",cardiac stage: non-CARD,chagas serostatus: Positive,Sex: Female,e40b50bc3165a79d2785b3cb0dfa8d91abba42e00996a01a69028e1bfcf5ab89,https://www.ncbi.nlm.nih.gov/geo/query/acc.cgi?acc=GSM7830442&targ=self&form=text&view=full
GSM7830443,GSE244827,B412,"Whole blood, Female, non-CARD_Negative_6",cardiac stage: non-CARD,chagas serostatus: Negative,Sex: Female,a3f9eeb0ebf2f2b50f3d86705a5db80a2e41680400aaec9e82b1ad02d3240bfe,https://www.ncbi.nlm.nih.gov/geo/query/acc.cgi?acc=GSM7830443&targ=self&form=text&view=full
GSM7830444,GSE244827,B429,"Whole blood, Male, non-CARD_Negative_2",cardiac stage: non-CARD,chagas serostatus: Negative,Sex: Male,9fea37f335448409b81995c9bdf4300f820aaf230dcb9729015f767c57f163e4,https://www.ncbi.nlm.nih.gov/geo/query/acc.cgi?acc=GSM7830444&targ=self&form=text&view=full
GSM7830445,GSE244827,B430,"Whole blood, Male, non-CARD_Negative_3",cardiac stage: non-CARD,chagas serostatus: Negative,Sex: Male,862cd56b4eeec801734d7a11144b970fa86fd7639b4de82d8463b88fe17e5e03,https://www.ncbi.nlm.nih.gov/geo/query/acc.cgi?acc=GSM7830445&targ=self&form=text&view=full
GSM7830446,GSE244827,B621,"Whole blood, Male, CARD_Positive_3",cardiac stage: CARD,chagas serostatus: Positive,Sex: Male,3e4aaefed17d99ef011f7e5b330eae4c385c5ae1beaeeb308a1734ec833f38f8,https://www.ncbi.nlm.nih.gov/geo/query/acc.cgi?acc=GSM7830446&targ=self&form=text&view=full
GSM7830447,GSE244827,E053,"Whole blood, Female, CARD_Positive_2",cardiac stage: CARD,chagas serostatus: Positive,Sex: Female,6188aa610ee9be67331893c9e8292682daeb7463eb8d22700adca29ad4fbcf40,https://www.ncbi.nlm.nih.gov/geo/query/acc.cgi?acc=GSM7830447&targ=self&form=text&view=full
GSM7830448,GSE244827,E054,"Whole blood, Female, CARD_Negative_4",cardiac stage: CARD,chagas serostatus: Negative,Sex: Female,5acbed404275d6dca4f273eacfb0dacbec0ad102b559c0338d078bd7247c271d,https://www.ncbi.nlm.nih.gov/geo/query/acc.cgi?acc=GSM7830448&targ=self&form=text&view=full
GSM7830449,GSE244827,E375,"Whole blood, Female, non-CARD_Negative_7",cardiac stage: non-CARD,chagas serostatus: Negative,Sex: Female,9791adbe1cad63ce9e79f85a73e899086d5e41052609575c356025aef7e8ea6f,https://www.ncbi.nlm.nih.gov/geo/query/acc.cgi?acc=GSM7830449&targ=self&form=text&view=full
GSM7830450,GSE244827,G026,"Whole blood, Male, CARD_Negative_4",cardiac stage: CARD,chagas serostatus: Negative,Sex: Male,2e20dddbc589b97aac83233f23707c9f9db550b6a3936a09d12dee73554b654c,https://www.ncbi.nlm.nih.gov/geo/query/acc.cgi?acc=GSM7830450&targ=self&form=text&view=full
GSM7830451,GSE244827,G028,"Whole blood, Female, non-CARD_Negative_8",cardiac stage: non-CARD,chagas serostatus: Negative,Sex: Female,3f35cabc425925ae6b1d093306eabea728c955bb41dacbb345e18d820c46f1e3,https://www.ncbi.nlm.nih.gov/geo/query/acc.cgi?acc=GSM7830451&targ=self&form=text&view=full
GSM7830452,GSE244827,G282,"Whole blood, Female, CARD_Negative_5",cardiac stage: CARD,chagas serostatus: Negative,Sex: Female,902675d7ab909d198179b6dea4b7e26c5849047bf69cf7e48e0501710654801b,https://www.ncbi.nlm.nih.gov/geo/query/acc.cgi?acc=GSM7830452&targ=self&form=text&view=full
GSM7830453,GSE244827,G756,"Whole blood, Female, non-CARD_Negative_9",cardiac stage: non-CARD,chagas serostatus: Negative,Sex: Female,595b4583b337310d4750b6b355abdf433f3efeec7be66a7ee410f75a213c8e8e,https://www.ncbi.nlm.nih.gov/geo/query/acc.cgi?acc=GSM7830453&targ=self&form=text&view=full
GSM7830454,GSE244827,H093,"Whole blood, Male, non-CARD_Negative_4",cardiac stage: non-CARD,chagas serostatus: Negative,Sex: Male,9878ea656ee001c1cfb895005325c69a730a6ab3932e18fb7b89b0c49e76e1b3,https://www.ncbi.nlm.nih.gov/geo/query/acc.cgi?acc=GSM7830454&targ=self&form=text&view=full
GSM7830455,GSE244827,H524,"Whole blood, Male, CARD_Positive_4",cardiac stage: CARD,chagas serostatus: Positive,Sex: Male,6bf9b933b5e48c8d9d790c97b8813011f6452a2d86bc66c089411df442b269df,https://www.ncbi.nlm.nih.gov/geo/query/acc.cgi?acc=GSM7830455&targ=self&form=text&view=full
GSM7830456,GSE244827,H754,"Whole blood, Male, CARD_Negative_5",cardiac stage: CARD,chagas serostatus: Negative,Sex: Male,0054280a3380129b085ae0d3d5f5ec3e320f5171009ea5f692e9efcb8a1588aa,https://www.ncbi.nlm.nih.gov/geo/query/acc.cgi?acc=GSM7830456&targ=self&form=text&view=full
