gene,mu,q,k
IGJ,6.9452,0.00031707,1
MCOLN2,5.1955,0.00031707,1
RHOH,5.8612,0.00031707,1
CTSW,5.8104,0.00031707,1
ITGAL,5.6801,0.00031707,1
ZNF683,5.6119,0.00031707,1
IGLL5,5.5334,0.00031707,1
GZMH,5.5242,0.00031707,1
ITK,5.4726,0.00031707,1
ZAP70,5.412,0.00031707,1
LOC100128420,5.217,0.00031707,1
THEMIS,5.2285,0.00031707,1
CCL4,5.2803,0.00031707,1
CD3G,5.2885,0.00031707,1
NKG7,5.3165,0.00031707,1
FBXL16,5.3166,0.00031707,1
SKAP1,5.3814,0.00031707,1
LOC100653210,5.9503,0.00031707,1
GFI1,5.752,0.00031707,1
EOMES,5.7158,0.00031707,1
