gsm,column,title,stage,serostatus,sex
GSM7830424,B052,"Whole blood, Female, non-CARD_Positive_1",cardiac stage: non-CARD,chagas serostatus: Positive,Sex: Female
GSM7830425,B083,"Whole blood, Female, non-CARD_Negative_1",cardiac stage: non-CARD,chagas serostatus: Negative,Sex: Female
GSM7830426,B087,"Whole blood, Male, non-CARD_Negative_1",cardiac stage: non-CARD,chagas serostatus: Negative,Sex: Male
GSM7830427,B097,"Whole blood, Male, CARD_Negative_1",cardiac stage: CARD,chagas serostatus: Negative,Sex: Male
GSM7830428,B100,"Whole blood, Female, non-CARD_Negative_2",cardiac stage: non-CARD,chagas serostatus: Negative,Sex: Female
GSM7830429,B118,"Whole blood, Female, CARD_Negative_1",cardiac stage: CARD,chagas serostatus: Negative,Sex: Female
GSM7830430,B146,"Whole blood, Male, CARD_Negative_2",cardiac stage: CARD,chagas serostatus: Negative,Sex: Male
GSM7830431,B160,"Whole blood, Female, non-CARD_Negative_3",cardiac stage: non-CARD,chagas serostatus: Negative,Sex: Female
GSM7830432,B180,"Whole blood, Male, CARD_Positive_1",cardiac stage: CARD,chagas serostatus: Positive,Sex: Male
GSM7830433,B182,"Whole blood, Female, non-CARD_Negative_4",cardiac stage: non-CARD,chagas serostatus: Negative,Sex: Female
GSM7830434,B189,"Whole blood, Female, CARD_Positive_1",cardiac stage: CARD,chagas serostatus: Positive,Sex: Female
GSM7830435,B200,"Whole blood, Female, non-CARD_Negative_5",cardiac stage: non-CARD,chagas serostatus: Negative,Sex: Female
GSM7830436,B207,"Whole blood, Male, non-CARD_Positive_1",cardiac stage: non-CARD,chagas serostatus: Positive,Sex: Male
GSM7830437,B209,"Whole blood, Female, non-CARD_Positive_2",cardiac stage: non-CARD,chagas serostatus: Positive,Sex: Female
GSM7830438,B213,"Whole blood, Female, CARD_Negative_2",cardiac stage: CARD,chagas serostatus: Negative,Sex: Female
GSM7830439,B284,"Whole blood, Male, CARD_Negative_3",cardiac stage: CARD,chagas serostatus: Negative,Sex: Male
GSM7830440,B339,"Whole blood, Female, CARD_Negative_3",cardiac stage: CARD,chagas serostatus: Negative,Sex: Female
GSM7830441,B340,"Whole blood, Male, CARD_Positive_2",cardiac stage: CARD,chagas serostatus: Positive,Sex: Male
GSM7830442,B383,"Whole blood, Female, non-CARD_Positive_3",cardiac stage: non-CARD,chagas serostatus: Positive,Sex: Female
GSM7830443,B412,"Whole blood, Female, non-CARD_Negative_6",cardiac stage: non-CARD,chagas serostatus: Negative,Sex: Female
GSM7830444,B429,"Whole blood, Male, non-CARD_Negative_2",cardiac stage: non-CARD,chagas serostatus: Negative,Sex: Male
GSM7830445,B430,"Whole blood, Male, non-CARD_Negative_3",cardiac stage: non-CARD,chagas serostatus: Negative,Sex: Male
GSM7830446,B621,"Whole blood, Male, CARD_Positive_3",cardiac stage: CARD,chagas serostatus: Positive,Sex: Male
GSM7830447,E053,"Whole blood, Female, CARD_Positive_2",cardiac stage: CARD,chagas serostatus: Positive,Sex: Female
GSM7830448,E054,"Whole blood, Female, CARD_Negative_4",cardiac stage: CARD,chagas serostatus: Negative,Sex: Female
GSM7830449,E375,"Whole blood, Female, non-CARD_Negative_7",cardiac stage: non-CARD,chagas serostatus: Negative,Sex: Female
GSM7830450,G026,"Whole blood, Male, CARD_Negative_4",cardiac stage: CARD,chagas serostatus: Negative,Sex: Male
GSM7830451,G028,"Whole blood, Female, non-CARD_Negative_8",cardiac stage: non-CARD,chagas serostatus: Negative,Sex: Female
GSM7830452,G282,"Whole blood, Female, CARD_Negative_5",cardiac stage: CARD,chagas serostatus: Negative,Sex: Female
GSM7830453,G756,"Whole blood, Female, non-CARD_Negative_9",cardiac stage: non-CARD,chagas serostatus: Negative,Sex: Female
GSM7830454,H093,"Whole blood, Male, non-CARD_Negative_4",cardiac stage: non-CARD,chagas serostatus: Negative,Sex: Male
GSM7830455,H524,"Whole blood, Male, CARD_Positive_4",cardiac stage: CARD,chagas serostatus: Positive,Sex: Male
GSM7830456,H754,"Whole blood, Male, CARD_Negative_5",cardiac stage: CARD,chagas serostatus: Negative,Sex: Male
