disease,val_tag,n_train,n_val,cnn_fiedler,cnn_random,logreg
endometriosis,GSE58178,313,12,0.5277777777777778,0.47222222222222227,0.8333333333333334
endometriosis,GSE73622,313,50,0.5925324675324676,0.5211038961038961,0.42045454545454547
endometriosis,GSE120103,313,36,0.5833333333333334,0.5339506172839507,0.7592592592592593
endometriosis,GSE248593,313,12,0.27777777777777773,0.19444444444444445,0.5833333333333333
interstitial_cystitis,GSE57560,30,7,1.0,0.8333333333333334,1.0
leishmaniasis,GSE125992,83,27,0.7,0.4411764705882353,0.888235294117647
leishmaniasis,GSE125993,83,45,0.6594827586206896,0.5754310344827587,0.9137931034482759
me_cfs,GSE16059,30,76,0.4524147727272727,0.4453125,0.3828125
pcos,GSE80432,126,12,0.625,0.78125,0.84375
pcos,GSE106724,126,8,1.0,1.0,0.875
pcos,GSE124226,126,8,0.75,0.875,0.4375
pcos,GSE137684,126,12,0.71875,0.75,0.84375
postpartum_depression,GSE290313-PP,48,184,0.45443758898908393,0.48777883246321785,0.5079496915045089
preeclampsia,GSE94643,672,16,0.5,0.359375,0.796875
preeclampsia,GSE98224-GPL6244,672,48,0.9906976744186047,0.9441860465116279,0.9906976744186047
preeclampsia,GSE147776,672,21,0.40384615384615385,0.29807692307692313,0.2692307692307693
preeclampsia,GSE149437,672,87,0.4227994227994228,0.5,0.35569985569985574
preeclampsia,GSE149440,672,380,0.48204979733642156,0.5621984172939587,0.5065624396834587
preeclampsia,GSE186819,672,25,0.39743589743589747,0.6474358974358975,0.4807692307692307
preeclampsia,GSE190639,672,19,0.5512820512820512,0.5,0.41025641025641024
