accession,source,role
EFO_0008559,Open Targets disease associations,known genes chagas
EFO_1000869,Open Targets disease associations,known genes interstitial_cystitis
GPL10191,GEO platform,probe->gene annotation
GPL10558,GEO platform,probe->gene annotation
GPL11532,GEO platform,probe->gene annotation
GPL14550,GEO platform,probe->gene annotation
GPL15362,GEO platform,probe->gene annotation
GPL16686,GEO platform,probe->gene annotation
GPL16699,GEO platform,probe->gene annotation
GPL17077,GEO platform,probe->gene annotation
GPL20844,GEO platform,probe->gene annotation
GPL21096,GEO platform,probe->gene annotation
GPL25759,GEO platform,probe->gene annotation
GPL262,GEO platform,probe->gene annotation
GPL28460,GEO platform,probe->gene annotation
GPL2986,GEO platform,probe->gene annotation
GPL31059,GEO platform,probe->gene annotation
GPL4133,GEO platform,probe->gene annotation
GPL570,GEO platform,probe->gene annotation
GPL571,GEO platform,probe->gene annotation
GPL6102,GEO platform,probe->gene annotation
GPL6244,GEO platform,probe->gene annotation
GPL6480,GEO platform,probe->gene annotation
GPL6884,GEO platform,probe->gene annotation
GPL6947,GEO platform,probe->gene annotation
GPL8979,GEO platform,probe->gene annotation
GPL96,GEO platform,probe->gene annotation
GPL97,GEO platform,probe->gene annotation
GSE10588,GEO series,preeclampsia:discovery
GSE106724,GEO series,pcos:validation
GSE11783,GEO series,interstitial_cystitis:discovery
GSE120103,GEO series,endometriosis:validation
GSE124226,GEO series,pcos:validation
GSE125993,GEO series,leishmaniasis:validation
GSE137684,GEO series,pcos:validation
GSE14577,GEO series,me_cfs:discovery
GSE147776,GEO series,preeclampsia:validation
GSE149440,GEO series,preeclampsia:validation
GSE155489,GEO series supplementary matrix,pcos:prospective_followup (cumulus granulosa)
GSE16059,GEO series,me_cfs:validation
GSE186819,GEO series,preeclampsia:validation
GSE190639,GEO series,preeclampsia:validation
GSE204835,GEO series supplementary matrix,preeclampsia:fresh_validation (placenta (paraffin-embedded))
GSE23339,GEO series,endometriosis:discovery
GSE24129,GEO series,preeclampsia:discovery
GSE248593,GEO series,endometriosis:validation
GSE25628,GEO series,endometriosis:discovery
GSE25906,GEO series,preeclampsia:discovery
GSE262735,GEO series supplementary matrix,pcos:prospective_followup (PBMC monocytes)
GSE277906,GEO series supplementary matrix,pcos:fresh_validation (cumulus cells)
GSE28242,GEO series matrix GPL6244,interstitial_cystitis:P7 cross-tissue urine-sediment stress test
GSE290313,GEO series,postpartum_depression:validation (RNA-seq)
GSE293353,GEO series and supplementary counts,pcos:P8 follicular-granulosa matched-null stress test
GSE296973,GEO series supplementary matrix,preeclampsia:fresh_validation (peripheral blood)
GSE30186,GEO series,preeclampsia:discovery
GSE303840,GEO series supplementary matrix,preeclampsia:fresh_validation (placenta)
GSE304677,GEO series supplementary matrix,pcos:fresh_validation (ovarian granulosa cells)
GSE306864,GEO series supplementary matrix,preeclampsia:fresh_validation (chorionic villus)
GSE34526,GEO series,pcos:discovery
GSE35287,GEO series,endometriosis:discovery
GSE35574,GEO series,preeclampsia:discovery
GSE43322,GEO series,pcos:discovery
GSE43942,GEO series,preeclampsia:discovery
GSE45603,GEO series,postpartum_depression:discovery
GSE47360,GEO series,endometriosis:discovery
GSE48424,GEO series,preeclampsia:discovery
GSE5090,GEO series,pcos:discovery
GSE51981,GEO series,endometriosis:discovery
GSE54248,GEO series,pcos:discovery
GSE54250,GEO series,pcos:discovery
GSE54400,GEO series,preeclampsia:discovery
GSE54618,GEO series,preeclampsia:discovery
GSE55664,GEO series,leishmaniasis:discovery
GSE57560,GEO series,interstitial_cystitis:validation
GSE58178,GEO series,endometriosis:validation
GSE60438,GEO series,preeclampsia:discovery
GSE621,GEO series,interstitial_cystitis:discovery
GSE6364,GEO series,endometriosis:discovery
GSE66273,GEO series,preeclampsia:discovery
GSE67311,GEO series,fibromyalgia:discovery
GSE6798,GEO series,pcos:discovery
GSE73374,GEO series,preeclampsia:discovery
GSE73622,GEO series,endometriosis:validation
GSE75010,GEO series,preeclampsia:discovery
GSE7846,GEO series,endometriosis:discovery
GSE80008,GEO series,leishmaniasis:discovery
GSE80432,GEO series,pcos:validation
GSE84796,GEO series,chagas:discovery
GSE91189,GEO series,preeclampsia:discovery
GSE93839,GEO series,preeclampsia:discovery
GSE94643,GEO series,preeclampsia:validation
GSM4705199,GEO sample full-text record,pcos:GSE155489:label_identity_audit
GSM4705200,GEO sample full-text record,pcos:GSE155489:label_identity_audit
GSM4705203,GEO sample full-text record,pcos:GSE155489:label_identity_audit
GSM4705204,GEO sample full-text record,pcos:GSE155489:label_identity_audit
GSM6198397,GEO sample full-text record,preeclampsia:GSE204835:label_identity_audit
GSM6198398,GEO sample full-text record,preeclampsia:GSE204835:label_identity_audit
GSM6198411,GEO sample full-text record,preeclampsia:GSE204835:label_identity_audit
GSM6198412,GEO sample full-text record,preeclampsia:GSE204835:label_identity_audit
GSM8174669,GEO sample full-text record,pcos:GSE262735:label_identity_audit
GSM8174670,GEO sample full-text record,pcos:GSE262735:label_identity_audit
GSM8174678,GEO sample full-text record,pcos:GSE262735:label_identity_audit
GSM8174679,GEO sample full-text record,pcos:GSE262735:label_identity_audit
GSM8534278,GEO sample full-text record,pcos:GSE277906:label_identity_audit
GSM8534279,GEO sample full-text record,pcos:GSE277906:label_identity_audit
GSM8534295,GEO sample full-text record,pcos:GSE277906:label_identity_audit
GSM8534296,GEO sample full-text record,pcos:GSE277906:label_identity_audit
GSM8980951,GEO sample full-text record,preeclampsia:GSE296973:label_identity_audit
GSM8980952,GEO sample full-text record,preeclampsia:GSE296973:label_identity_audit
GSM8980961,GEO sample full-text record,preeclampsia:GSE296973:label_identity_audit
GSM8980962,GEO sample full-text record,preeclampsia:GSE296973:label_identity_audit
GSM9136811,GEO sample full-text record,preeclampsia:GSE303840:label_identity_audit
GSM9136812,GEO sample full-text record,preeclampsia:GSE303840:label_identity_audit
GSM9136817,GEO sample full-text record,preeclampsia:GSE303840:label_identity_audit
GSM9136818,GEO sample full-text record,preeclampsia:GSE303840:label_identity_audit
GSM9155146,GEO sample full-text record,pcos:GSE304677:label_identity_audit
GSM9155147,GEO sample full-text record,pcos:GSE304677:label_identity_audit
GSM9155151,GEO sample full-text record,pcos:GSE304677:label_identity_audit
GSM9155152,GEO sample full-text record,pcos:GSE304677:label_identity_audit
GSM9210996,GEO sample full-text record,preeclampsia:GSE306864:label_identity_audit
GSM9210997,GEO sample full-text record,preeclampsia:GSE306864:label_identity_audit
GSM9210998,GEO sample full-text record,preeclampsia:GSE306864:label_identity_audit
GSM9211004,GEO sample full-text record,preeclampsia:GSE306864:label_identity_audit
HGNC complete set,HGNC,ID mapping
MONDO_0005081,Open Targets disease associations,known genes preeclampsia
MONDO_0005133,Open Targets disease associations,known genes endometriosis
MONDO_0005404,Open Targets disease associations,known genes me_cfs
MONDO_0005546,Open Targets disease associations,known genes fibromyalgia
MONDO_0005929,Open Targets disease associations,known genes postpartum_depression
MONDO_0008487,Open Targets disease associations,known genes pcos
MONDO_0011989,Open Targets disease associations,known genes leishmaniasis
STRING v12.0 9606 physical links,STRING,PPI graph
