gsm,title,group,donor,token,timepoint,treatment,sha256,url
GSM7176058,"FM patient 1, week 0",fibromyalgia,patient 1,FM_1,week 0,none,e6d3ee85ccaab7d37503e57add1bd6bf83f16b50ea14ae301b0226052f500117,https://www.ncbi.nlm.nih.gov/geo/query/acc.cgi?acc=GSM7176058&targ=self&form=text&view=full
GSM7176059,"FM patient 1, week 12",fibromyalgia,patient 1,FM_3,week 12,tocilizumab,f12e57ce5cc3f2afc25dbdd398fbce27a18ac904562c2b118e572a7dfbcf129d,https://www.ncbi.nlm.nih.gov/geo/query/acc.cgi?acc=GSM7176059&targ=self&form=text&view=full
GSM7176060,"FM patient 2, week 0",fibromyalgia,patient 2,FM_4,week 0,none,a894081da3baa7c3960b31e34949132a311072696484d5bf7f99520b21fef590,https://www.ncbi.nlm.nih.gov/geo/query/acc.cgi?acc=GSM7176060&targ=self&form=text&view=full
GSM7176061,"FM patient 2, week 12",fibromyalgia,patient 2,FM_6,week 12,tocilizumab,04ee0bd30c829ed82d139ad563ecb05fbc8170e72ff3ecde3ef9d59c5d376baa,https://www.ncbi.nlm.nih.gov/geo/query/acc.cgi?acc=GSM7176061&targ=self&form=text&view=full
GSM7176062,"FM patient 3, week 0",fibromyalgia,patient 3,FM_2,week 0,none,63d1543c277e3178e9c247a0288b49768da8b8f06b45dda0562eada354e1c065,https://www.ncbi.nlm.nih.gov/geo/query/acc.cgi?acc=GSM7176062&targ=self&form=text&view=full
GSM7176063,"FM patient 4, week 0",fibromyalgia,patient 4,FM_5,week 0,none,45ddbed07df789d82c8f4d3f91938eea93dd79a8d625a384ab332cdf80ee293c,https://www.ncbi.nlm.nih.gov/geo/query/acc.cgi?acc=GSM7176063&targ=self&form=text&view=full
GSM7176065,"FM patient 5, week 0",fibromyalgia,patient 5,FM_7,week 0,none,2c0fc6f4ccf27bca4eee914c8c59df152de79f43810aa1176520bc59ad6a0fa8,https://www.ncbi.nlm.nih.gov/geo/query/acc.cgi?acc=GSM7176065&targ=self&form=text&view=full
GSM7176066,"Healthy control 1, week 0",healthy,control 1,MHC_67,week 0,none,4dac4182acd6e8cd2ee0e581266d5dafdff7ac5b1cea10e843a56ff4605ebed5,https://www.ncbi.nlm.nih.gov/geo/query/acc.cgi?acc=GSM7176066&targ=self&form=text&view=full
GSM7176067,"Healthy control 2, week 0",healthy,control 2,MHC_70,week 0,none,1ada1b1775d00bce2bcbc0ebe6fd52a7f902c5a6842743913f9f5edf0d74dd8d,https://www.ncbi.nlm.nih.gov/geo/query/acc.cgi?acc=GSM7176067&targ=self&form=text&view=full
GSM7176068,"Healthy control 3, week 0",healthy,control 3,MHC_71,week 0,none,804bc8481a70d2c1099c7e9b167f97fb746c79cd400d12315a7b869b64925173,https://www.ncbi.nlm.nih.gov/geo/query/acc.cgi?acc=GSM7176068&targ=self&form=text&view=full
GSM7176070,"Healthy control 4, week 0",healthy,control 4,MHC_72,week 0,none,f63ee31a97fece3ada35a44390057e9dc9ff452deed3202a41735302d951f3ff,https://www.ncbi.nlm.nih.gov/geo/query/acc.cgi?acc=GSM7176070&targ=self&form=text&view=full
GSM7176071,"Healthy control 5, week 0",healthy,control 5,MHC_73,week 0,none,93d11844dc96bcedb68ee940e2d8a0defef6863cb412234121a703b751bd1c7d,https://www.ncbi.nlm.nih.gov/geo/query/acc.cgi?acc=GSM7176071&targ=self&form=text&view=full
