accession,study_accession,record_type,independence_note
GSM4705203,GSE155489,GEO sample,GSM nested within same GSE; not independent cohort
GSM4705204,GSE155489,GEO sample,GSM nested within same GSE; not independent cohort
GSM4705199,GSE155489,GEO sample,GSM nested within same GSE; not independent cohort
GSM4705200,GSE155489,GEO sample,GSM nested within same GSE; not independent cohort
GSM8174678,GSE262735,GEO sample,GSM nested within same GSE; not independent cohort
GSM8174679,GSE262735,GEO sample,GSM nested within same GSE; not independent cohort
GSM8174669,GSE262735,GEO sample,GSM nested within same GSE; not independent cohort
GSM8174670,GSE262735,GEO sample,GSM nested within same GSE; not independent cohort
GSM8534295,GSE277906,GEO sample,GSM nested within same GSE; not independent cohort
GSM8534296,GSE277906,GEO sample,GSM nested within same GSE; not independent cohort
GSM8534278,GSE277906,GEO sample,GSM nested within same GSE; not independent cohort
GSM8534279,GSE277906,GEO sample,GSM nested within same GSE; not independent cohort
GSM9155151,GSE304677,GEO sample,GSM nested within same GSE; not independent cohort
GSM9155152,GSE304677,GEO sample,GSM nested within same GSE; not independent cohort
GSM9155146,GSE304677,GEO sample,GSM nested within same GSE; not independent cohort
GSM9155147,GSE304677,GEO sample,GSM nested within same GSE; not independent cohort
GSM6198411,GSE204835,GEO sample,GSM nested within same GSE; not independent cohort
GSM6198412,GSE204835,GEO sample,GSM nested within same GSE; not independent cohort
GSM6198397,GSE204835,GEO sample,GSM nested within same GSE; not independent cohort
GSM6198398,GSE204835,GEO sample,GSM nested within same GSE; not independent cohort
GSM8980961,GSE296973,GEO sample,GSM nested within same GSE; not independent cohort
GSM8980962,GSE296973,GEO sample,GSM nested within same GSE; not independent cohort
GSM8980951,GSE296973,GEO sample,GSM nested within same GSE; not independent cohort
GSM8980952,GSE296973,GEO sample,GSM nested within same GSE; not independent cohort
GSM9136817,GSE303840,GEO sample,GSM nested within same GSE; not independent cohort
GSM9136818,GSE303840,GEO sample,GSM nested within same GSE; not independent cohort
GSM9136811,GSE303840,GEO sample,GSM nested within same GSE; not independent cohort
GSM9136812,GSE303840,GEO sample,GSM nested within same GSE; not independent cohort
GSM9210996,GSE306864,GEO sample,GSM nested within same GSE; not independent cohort
GSM9211004,GSE306864,GEO sample,GSM nested within same GSE; not independent cohort
GSM9210997,GSE306864,GEO sample,GSM nested within same GSE; not independent cohort
GSM9210998,GSE306864,GEO sample,GSM nested within same GSE; not independent cohort
