held_out_patient,modules_used,D_residual
1,M6_cell_state_g2m,0.0027
2,M6_cell_state_g2m,0.5956
3,M6_cell_state_g2m,0.7106
4,M6_cell_state_g2m,-0.6798
5,M6_cell_state_g2m,0.1401
6,M6_cell_state_g2m,-0.0815
7,M6_cell_state_g2m,0.129
8,M6_cell_state_g2m,0.1798
9,M6_cell_state_g2m,0.8881
10,M6_cell_state_g2m,0.501
11,M6_cell_state_g2m,-0.5039
12,M6_cell_state_g2m,0.471
13,M6_cell_state_g2m,-0.0189
14,M6_cell_state_g2m,0.4234
15,M6_cell_state_g2m,0.1956
16,M6_cell_state_g2m,-0.0029
17,M6_cell_state_g2m,-0.2276
18,M6_cell_state_g2m,-0.6137
19,M6_cell_state_g2m,0.2694
20,M6_cell_state_g2m,0.1531
21,M6_cell_state_g2m,2.0467
22,M6_cell_state_g2m,0.2421
23,M6_cell_state_g2m,0.146
24,M6_cell_state_g2m,1.1582
25,M6_cell_state_g2m,0.29
