held_out_patient,D_panel,bcg_offset,D_residual
1,1.0381,-0.6733,1.7114
2,-0.48,-0.6922,0.2122
3,0.1071,-0.6703,0.7774
4,0.0918,-0.659,0.7509
5,0.3192,-0.6416,0.9609
6,0.0925,-0.6999,0.7924
7,0.3928,-0.7008,1.0937
8,-0.1687,-0.6694,0.5007
9,0.2843,-0.6846,0.9689
10,-0.0621,-0.6797,0.6176
11,0.3362,-0.6672,1.0033
12,0.1653,-0.6678,0.8332
13,-1.0789,-0.678,-0.4008
14,-0.2957,-0.6633,0.3676
15,0.7942,-0.6998,1.4939
16,0.4392,-0.7109,1.1501
17,0.017,-0.6635,0.6806
18,0.0963,-0.6628,0.7592
19,0.498,-0.651,1.149
20,0.3961,-0.7018,1.0979
21,0.9733,-0.6977,1.671
22,0.1841,-0.683,0.8671
23,-0.2813,-0.6754,0.394
24,1.5425,-0.7097,2.2522
25,1.093,-0.7086,1.8016
