disease,gse,matrix,gpl,status,n_case,n_control,n_genes,n_dropped,note
postpartum_depression,GSE45603,GSE45603_series_matrix.txt.gz,GPL10558,ok,16,32,9744,162,
me_cfs,GSE269047,GSE269047_series_matrix.txt.gz,GPL22462,skip_noexpr,8,9,0,26,
me_cfs,GSE16059,GSE16059_series_matrix.txt.gz,GPL570,ok,32,44,21594,12,
me_cfs,GSE14577,GSE14577-GPL96_series_matrix.txt.gz,GPL96,ok,8,7,13047,0,
me_cfs,GSE14577,GSE14577-GPL97_series_matrix.txt.gz,GPL97,ok,8,7,10606,0,
fibromyalgia,GSE269047,GSE269047_series_matrix.txt.gz,GPL22462,skip_noexpr,10,9,0,24,
fibromyalgia,GSE67311,GSE67311_series_matrix.txt.gz,GPL11532,ok,67,75,19699,0,
interstitial_cystitis,GSE57560,GSE57560_series_matrix.txt.gz,GPL16699,ok,4,3,23673,9,
interstitial_cystitis,GSE11783,GSE11783_series_matrix.txt.gz,GPL570,ok,10,6,21594,0,
interstitial_cystitis,GSE621,GSE621_series_matrix.txt.gz,GPL262,ok,6,8,3556,14,
chagas,GSE128270,GSE128270_series_matrix.txt.gz,GPL16699,ok,20,3,23673,0,
chagas,GSE84796,GSE84796_series_matrix.txt.gz,GPL14550,ok,10,7,21752,0,
chagas,GSE13791,GSE13791_series_matrix.txt.gz,GPL570,ok,13,13,20727,0,
leishmaniasis,GSE125993,GSE125993_series_matrix.txt.gz,GPL10558,ok,29,16,14787,39,
leishmaniasis,GSE125992,GSE125992_series_matrix.txt.gz,GPL10558,ok,17,10,14352,21,
leishmaniasis,GSE125991,GSE125991_series_matrix.txt.gz,GPL10558,ok,12,6,13804,18,
leishmaniasis,GSE80008,GSE80008_series_matrix.txt.gz,GPL6244,ok,18,12,19898,0,
leishmaniasis,GSE77528,GSE77528_series_matrix.txt.gz,GPL10558,ok,16,29,12313,0,
leishmaniasis,GSE43661,GSE43661_series_matrix.txt.gz,GPL6244,ok,12,15,19879,0,
leishmaniasis,GSE55664,GSE55664_series_matrix.txt.gz,GPL10558,ok,25,10,20750,0,
pcos,GSE54250,GSE54250-GPL10558_series_matrix.txt.gz,GPL10558,ok,4,4,20755,0,
pcos,GSE54250,GSE54250-GPL8979_series_matrix.txt.gz,GPL8979,ok,4,4,2,0,
pcos,GSE54248,GSE54248_series_matrix.txt.gz,GPL10558,ok,4,4,20755,0,
pcos,GSE80432,GSE80432_series_matrix.txt.gz,GPL6244,ok,4,8,19892,4,
pcos,GSE137684,GSE137684_series_matrix.txt.gz,GPL17077,ok,8,4,23673,0,
pcos,GSE124226,GSE124226_series_matrix.txt.gz,GPL570,ok,4,4,21594,0,
pcos,GSE106724,GSE106724_series_matrix.txt.gz,GPL21096,ok,4,4,63250,4,
pcos,GSE43322,GSE43322_series_matrix.txt.gz,GPL15362,ok,24,7,16910,0,
pcos,GSE43264,GSE43264_series_matrix.txt.gz,GPL15362,ok,8,7,16910,0,
pcos,GSE48301,GSE48301_series_matrix.txt.gz,GPL6244,ok,14,15,19685,0,
pcos,GSE34526,GSE34526_series_matrix.txt.gz,GPL570,ok,7,3,21594,0,
pcos,GSE6798,GSE6798_series_matrix.txt.gz,GPL570,ok,16,13,21594,0,
endometriosis,GSE141549,GSE141549-GPL10558_series_matrix.txt.gz,GPL10558,skip_noexpr,0,0,0,72,
endometriosis,GSE141549,GSE141549-GPL13376_series_matrix.txt.gz,GPL13376,skip_noexpr,0,66,0,270,
endometriosis,GSE120103,GSE120103_series_matrix.txt.gz,GPL6480,ok,18,18,18664,0,
endometriosis,GSE73622,GSE73622_series_matrix.txt.gz,GPL6244,ok,22,28,19898,0,
endometriosis,GSE57832,GSE57832-GPL13534_series_matrix.txt.gz,GPL13534,skip_platform,3,3,0,0,methylation/non-expression platform
endometriosis,GSE51981,GSE51981_series_matrix.txt.gz,GPL570,ok,77,71,21594,0,
endometriosis,GSE58178,GSE58178_series_matrix.txt.gz,GPL6947,ok,6,6,19603,0,
endometriosis,GSE25628,GSE25628_series_matrix.txt.gz,GPL571,ok,8,14,13047,0,
endometriosis,GSE47360,GSE47360_series_matrix.txt.gz,GPL6244,ok,6,3,19936,0,
endometriosis,GSE35287,GSE35287_series_matrix.txt.gz,GPL6244,ok,28,40,19898,12,
endometriosis,GSE23339,GSE23339_series_matrix.txt.gz,GPL6102,ok,10,9,19552,0,
endometriosis,GSE7846,GSE7846_series_matrix.txt.gz,GPL570,ok,5,5,21594,0,
endometriosis,GSE6364,GSE6364_series_matrix.txt.gz,GPL570,ok,21,16,21594,0,
preeclampsia,GSE190639,GSE190639_series_matrix.txt.gz,GPL31059,ok,6,13,726,13,
preeclampsia,GSE251742,GSE251742_series_matrix.txt.gz,GPL10558,skip_labels,0,3,0,9,
preeclampsia,GSE186819,GSE186819_series_matrix.txt.gz,GPL16686,error,12,13,0,0,"""GPL16686: no symbol column in ['ID', 'RANGE_STRAND', 'RANGE_START', 'RANGE_END', 'total_probes', 'GB_ACC', 'SPOT_ID', 'RANGE_GB']"""
preeclampsia,GSE149440,GSE149440_series_matrix.txt.gz,GPL28460,error,66,314,0,355,"""GPL28460: no symbol column in ['ID', 'Description', 'ENTREZ_GENE_ID', 'SPOT_ID']"""
preeclampsia,GSE149437,GSE149437_series_matrix.txt.gz,GPL28460,error,66,21,0,355,"""GPL28460: no symbol column in ['ID', 'Description', 'ENTREZ_GENE_ID', 'SPOT_ID']"""
preeclampsia,GSE165324,GSE165324_series_matrix.txt.gz,GPL22120,skip_labels,0,0,0,8,
preeclampsia,GSE171439,GSE171439_series_matrix.txt.gz,GPL10558,skip_labels,0,0,0,12,
preeclampsia,GSE110829,GSE110829-GPL13534_series_matrix.txt.gz,GPL13534,skip_labels,0,0,0,157,
preeclampsia,GSE110829,GSE110829-GPL21185_series_matrix.txt.gz,GPL21185,skip_labels,0,0,0,55,
preeclampsia,GSE160888,GSE160888_series_matrix.txt.gz,GPL16956,error,4,4,0,0,"""GPL16956: no symbol column in ['ID', 'TRANSCRIPT_TYPE', 'BUILD', 'SEQUENCE', 'SPOT_ID']"""
preeclampsia,GSE147776,GSE147776_series_matrix.txt.gz,GPL20844,ok,13,8,33781,7,
preeclampsia,GSE148088,GSE148088_series_matrix.txt.gz,GPL23159,skip_labels,0,4,0,11,
preeclampsia,GSE136048,GSE136048_series_matrix.txt.gz,GPL17586,skip_labels,0,3,0,6,
preeclampsia,GSE108497,GSE108497_series_matrix.txt.gz,GPL10558,skip_noexpr,69,382,0,61,
preeclampsia,GSE127170,GSE127170_series_matrix.txt.gz,GPL10739,skip_labels,0,6,0,6,
preeclampsia,GSE66273,GSE66273_series_matrix.txt.gz,GPL4133,ok,12,5,19242,0,
preeclampsia,GSE100415,GSE100415_series_matrix.txt.gz,GPL6244,skip_noexpr,0,0,0,20,
preeclampsia,GSE98224,GSE98224-GPL13534_series_matrix.txt.gz,GPL13534,skip_platform,30,18,0,0,methylation/non-expression platform
preeclampsia,GSE98224,GSE98224-GPL6244_series_matrix.txt.gz,GPL6244,ok,5,43,19920,0,methylation/non-expression platform
preeclampsia,GSE96985,GSE96985-GPL20712_series_matrix.txt.gz,GPL20712,error,3,4,0,0,"""GPL20712: no symbol column in ['ID', 'miRNA_ID', 'SPOT_ID']"""
preeclampsia,GSE85307,GSE85307-GPL19162_series_matrix.txt.gz,GPL19162,error,48,111,0,0,"""GPL19162: no symbol column in ['ID', 'miRNA', 'miRNA_ID', 'RT_Pre-Amp_Pool', 'TaqMan_Assay_ID']"""
preeclampsia,GSE74446,GSE74446_series_matrix.txt.gz,GPL570,skip_labels,0,21,0,0,
preeclampsia,GSE86200,GSE86200_series_matrix.txt.gz,GPL10558,ok,6,48,19483,6,
preeclampsia,GSE94644,GSE94644-GPL13497_series_matrix.txt.gz,GPL13497,ok,8,12,21752,0,
preeclampsia,GSE94644,GSE94644-GPL16686_series_matrix.txt.gz,GPL16686,error,8,8,21752,0,"""GPL16686: no symbol column in ['ID', 'RANGE_STRAND', 'RANGE_START', 'RANGE_END', 'total_probes', 'GB_ACC', 'SPOT_ID', 'RANGE_GB']"""
preeclampsia,GSE94643,GSE94643_series_matrix.txt.gz,GPL16686,error,8,8,0,0,"""GPL16686: no symbol column in ['ID', 'RANGE_STRAND', 'RANGE_START', 'RANGE_END', 'total_probes', 'GB_ACC', 'SPOT_ID', 'RANGE_GB']"""
preeclampsia,GSE93839,GSE93839_series_matrix.txt.gz,GPL16686,error,11,12,0,0,"""GPL16686: no symbol column in ['ID', 'RANGE_STRAND', 'RANGE_START', 'RANGE_END', 'total_probes', 'GB_ACC', 'SPOT_ID', 'RANGE_GB']"""
preeclampsia,GSE91077,GSE91077_series_matrix.txt.gz,GPL13497,ok,8,12,21752,0,
preeclampsia,GSE91189,GSE91189_series_matrix.txt.gz,GPL16686,error,4,4,0,4,"""GPL16686: no symbol column in ['ID', 'RANGE_STRAND', 'RANGE_START', 'RANGE_END', 'total_probes', 'GB_ACC', 'SPOT_ID', 'RANGE_GB']"""
preeclampsia,GSE59686,GSE59686_series_matrix.txt.gz,GPL13607,skip_labels,0,0,0,10,
preeclampsia,GSE75010,GSE75010_series_matrix.txt.gz,GPL6244,ok,22,135,19920,0,
preeclampsia,GSE74341,GSE74341_series_matrix.txt.gz,GPL16699,skip_labels,0,10,0,15,
preeclampsia,GSE65271,GSE65271_series_matrix.txt.gz,GPL10558,skip_labels,0,0,0,18,
