disease,tag,reason
preeclampsia,GSE86200,vitamin D intervention vs control arm; not a preeclampsia contrast
preeclampsia,GSE25861,IUGR vs preterm-labour endothelial cells; no preeclampsia contrast
preeclampsia,GSE94644-GPL13497,case/control confounded with in-vitro decidualisation state
preeclampsia,GSE91077,case/control confounded with in-vitro decidualisation state
leishmaniasis,GSE77528,cases are post-treatment patients (months after antimony)
leishmaniasis,GSE43661,in-vitro macrophage infection model; not patient tissue
chagas,GSE128270,in-vitro HUVEC infection confounded with simvastatin pre-incubation
chagas,GSE13791,in-vitro smooth-muscle cell infection model; not patient tissue
pcos,GSE48301,case stromal vs control epithelial cells (cell-type confound)
